序号,代码,名称,行业,最新价,涨跌幅pct,盈利阶段,近两年财务摘要,最新年报年份,营业收入最新,营收同比pct,归母净利最新,归母净利上年,净利同比pct,上年报年份,上年营业收入,主营产品,合作方,业务简介,总股本亿股,总市值亿元,流通市值亿元,股东户数,户数变动,户数变动pct,股东日期,前十大持股pct,持股集中度,换手率pct,量比,近5日均量,前5日均量,五日量能放大,近10日均量,前10日均量,十日量能放大,年内最低,年内最高,年内均价,现价比年内均价,现价比年内低点,年内价格分位pct,筛选理由
1,603400,华之杰,通用设备,46.5,-1.36,盈利阶段,2025年营业收入14.02亿元，同比增长13.97%；归母净利润1.24亿元，上年为1.54亿元（同比-18.99%）,2025,14.02亿元,13.97,1.24亿元,1.54亿元,-18.99,2024,12.30亿元,电动工具零部件(91.9%)；消费类电子零部件(6.0%)；其他(补充)(2.1%),百得集团、TTI集团、博世集团、牧田集团、安德烈斯蒂尔、东成集团、宝时得集团、大叶股份、中坚科技、格力博、佳世达集团、台达集团、冠捷科技,"苏州华之杰电讯股份有限公司成立于2001年,总部位于苏州市,并于2025年6月登陆上交所主板,股票代码603400。公司定位于智能控制行业,致力于以锂电池电源管理、智能控制、无刷电机驱动和控制等技术为核心,主要为下游应用领域提供电驱、电控、电池管理等方面的系统解决方案。公司主要产品包括智能开关、智能控制器、无刷电机、精密结构件等关键功能零部件。得益于历史上在",1.3,60.37,16.85,7617,-4851,-38.91,2026-03-31,80,非常集中,25.7,1.63,7178136,1819202,3.95,4498669,1119207,4.02,30.92,90,60.92,0.76,1.5,26.37,5日量能放大3.95倍；10日量能放大4.02倍；换手25.70%；低于/贴近年内均价；年内分位26%
2,002879,长缆科技,电网设备,16.81,-6.25,盈利阶段,2025年营业收入14.40亿元，同比增长15.97%；归母净利润1.34亿元，上年为7468.20万元（同比79.11%）,2025,14.40亿元,15.97,1.34亿元,7468.20万元,79.11,2024,12.42亿元,绝缘油产品(34.4%)；其他及辅助类(21.2%)；1kV至35kV产品(17.3%)；220kV产品(12.4%)；66kV至110kV产品(11.1%),,"长缆科技集团股份有限公司,1958年始创,2017年深交所上市(股票简称长缆科技,代码002879)。长缆科技拥有多元化产业发展格局,覆盖6大产业板块:高压超高压电缆附件、中低压电缆附件、电气设备、电力施工材料、智能在线监测、机电设施等,产品广泛应用于电网、新能源、轨道交通、冶金石化、核电等领域。长缆科技多项技术填补国内空白,拥有全球领先的生产基地与研发检测",1.93,32.46,23.05,21530,-2786,-11.46,2026-03-31,50.58,较集中,24.93,1.12,38204270,10201888,3.74,24203079,5046826,4.8,12.13,24.91,18.14,0.93,1.39,36.62,5日量能放大3.74倍；10日量能放大4.80倍；换手24.93%；低于/贴近年内均价
3,603683,晶华新材,化学制品,13.44,-5.29,盈利阶段,2025年营业收入21.70亿元，同比增长15.14%；归母净利润8932.49万元，上年为6703.39万元（同比33.25%）,2025,21.70亿元,15.14,8932.49万元,6703.39万元,33.25,2024,18.85亿元,工业胶粘材料(48.4%)；电子级胶粘材料(30.8%)；特种纸(11.6%)；光学胶膜材料(6.5%)；化工新材料(1.5%),上海晶华胶粘新材料股份有限公司、浙江晶鑫特种纸业有限公司、香港晶华投资有限公司、香港锦华控股有限公司,"上海晶华胶粘新材料股份有限公司,成立于2006年,于2017年10月在上海证券交易所挂牌上市(股票简称:晶华新材,股票代码:603683),现已发展成为集研发、生产、销售于一体的专业生产各类胶粘新材料的高新技术企业。公司总部位于上海,在江苏、安徽、浙江、四川、香港等地均设有分公司或子公司,包括江苏晶华新材料科技有限公司、安徽晶华新材料科技有限公司、浙江晶鑫特",2.91,39.14,38.74,14732,239,1.65,2026-03-31,44.41,较集中,10.27,0.7,53379429,12380088,4.31,32879759,14348245,2.29,13.93,36.61,27.26,0.49,0.96,-2.16,5日量能放大4.31倍；10日量能放大2.29倍；换手10.27%；低于/贴近年内均价；接近年内低点；年内分位-2%
4,603988,中电电机,电机Ⅱ,19.52,4.83,扭亏阶段,2025年营业收入6.59亿元，同比增长-1.17%；归母净利润3064.53万元，上年为-1032.69万元（同比396.75%）,2025,6.59亿元,-1.17,3064.53万元,-1032.69万元,396.75,2024,6.66亿元,交流电机(49.7%)；发电机(23.3%)；直流电机(15.6%)；其他(11.5%),基金等单位共同出资组建的宁波君拓企业管理有限公司,"中电电机股份有限公司创立于2003年4月,国家高新技术企业,于2014年11月在上海证券交易所挂牌上市,股票代码:603988,是一家由国资控股的混合所有制上市公司。目前,中电电机控股股东是由中国五矿集团、中国国有企业结构调整基金、建信(北京)投资基金、国新国同(浙江)投资基金等单位共同出资组建的宁波君拓企业管理有限公司。中电电机坐落于美丽的太湖之滨——无锡",2.35,45.91,45.91,19481,-1110,-5.39,2026-03-31,60.25,较集中,9.43,1.5,18610132,7192003,2.59,12901068,5247500,2.46,13.13,39.97,24.78,0.79,1.49,23.81,5日量能放大2.59倍；10日量能放大2.46倍；换手9.43%；低于/贴近年内均价；年内分位24%
5,001388,信通电子,电网设备,19.68,-4.88,盈利阶段,2025年营业收入10.52亿元，同比增长4.68%；归母净利润1.37亿元，上年为1.43亿元（同比-4.02%）,2025,10.52亿元,4.68,1.37亿元,1.43亿元,-4.02,2024,10.05亿元,输电线路智能巡检系统(66.4%)；变电站智能辅控系统(15.9%)；其他产品(9.3%)；移动智能终端(6.8%)；配电智能化运维方案(1.4%),,"山东信通电子股份有限公司成立于1996年,深耕通信、电力等行业需求,重点研究物联网智能终端、云平台开发及运维技术。以工业物联网智能终端为基础,丰富云、边、端产品形态,持续为电力、通信等行业提供行业物联网解决方案;进一步提升产品制造能力和客户服务能力,由行业服务向行业赋能发展。未来,信通电子愿与社会各界朋友一道,求真务实,共享共担,为信息产业的快速发展做出新的",2.34,46.01,24.62,17071,-5569,-24.6,2026-03-31,65.33,较集中,5.69,0.67,13349135,11615175,1.15,12482155,2969959,4.2,19.41,53.6,41.48,0.47,1.01,0.79,10日量能放大4.20倍；换手5.69%；低于/贴近年内均价；接近年内低点；年内分位1%
6,605108,同庆楼,酒店餐饮,12.73,2.09,盈利阶段,2025年营业收入26.81亿元，同比增长6.17%；归母净利润1.02亿元，上年为1.00亿元（同比2.04%）,2025,26.81亿元,6.17,1.02亿元,1.00亿元,2.04,2024,25.25亿元,,,"同庆楼餐饮股份有限公司品牌始创于1925年,同庆楼餐饮股份有限公司成立于2005年,主要从事餐饮服务,是一家A股主板上市公司,股票简称:同庆楼,股票代码:605108。同庆楼是国家正式认定的中华老字号餐饮企业,至今已有近百年的历史。解放前同庆楼遍布北京、南京、武汉、芜湖等多个城市,接待过众多历史名人,留下很多传奇佳话。作为中国历史餐饮名店,1999年国内贸易",2.6,33.1,33.1,18483,-2210,-10.68,2026-03-31,72.49,较集中,3.26,1.69,6320657,2990586,2.11,4655621,2641926,1.76,11.01,25,17.69,0.72,1.16,12.29,5日量能放大2.11倍；10日量能放大1.76倍；换手3.26%；低于/贴近年内均价；接近年内低点；年内分位12%
7,002189,中光学,军工电子Ⅱ,18.35,-2.03,减亏阶段,2025年营业收入15.02亿元，同比增长-15.85%；归母净利润-2.25亿元，上年为-3.70亿元（同比39.07%）,2025,15.02亿元,-15.85,-2.25亿元,-3.70亿元,39.07,2024,17.85亿元,精密光学元组件(43.2%)；光电防务与要地监控(28.1%)；投影机整机及配件(16.4%)；机械产品及其他(12.3%),隶属于中国兵器装备集团有限公司、河南省数字光电产业研究院和中国兵器装备集团,"中光学集团股份有限公司(股票代码002189),隶属于中国兵器装备集团有限公司,成立于1968年,是国家高新技术企业,拥有多家全资控股及参股公司,总部位于诸葛亮躬耕地——河南省南阳市。产品主要包括光学元组件、镜头、投影机、安防监控系统、光电防务产品等,被誉为全球投影系统用零部件的核心供应商、中国“新兴民族投影显示竞争力优势企业”和“要地监控综合解决方案优秀提",2.61,47.93,47.92,35635,-4357,-10.89,2026-03-31,51.28,较分散,1.32,0.64,6783697,2730012,2.48,4756855,3606333,1.32,15.96,30.49,22.72,0.81,1.15,16.45,5日量能放大2.48倍；低于/贴近年内均价；接近年内低点；年内分位16%
8,001358,兴欣新材,化学制品,25.6,-5.11,盈利阶段,2025年营业收入4.75亿元，同比增长1.37%；归母净利润4831.50万元，上年为8114.99万元（同比-40.46%）,2025,4.75亿元,1.37,4831.50万元,8114.99万元,-40.46,2024,4.68亿元,哌嗪系列产品(78.8%)；其他(10.8%)；酰胺系列产品(10.4%),科研院所开展研究和科技,"绍兴兴欣新材料股份有限公司成立于2002年06月27日,位于杭州湾上虞经济技术开发区拓展路2号。公司通过ISO9001、ISO14001、ISO45001体系认证;拥有先进的生产工艺技术和产品质量;公司秉承“通过持续技术创新,让客户满意,让员工受益,让股东收益”的企业使命和“打造全球最大、受行业尊重的哌嗪系列产品的生产基地”的愿景,持续与国际化工巨头战略合作",1.23,31.54,13.05,7939,537,7.25,2026-03-31,71.97,非常集中,18.58,2.99,3980542,1681717,2.37,2831129,3119382,0.91,18.9,32.87,26.99,0.95,1.35,47.96,5日量能放大2.37倍；换手18.58%；低于/贴近年内均价
9,603097,江苏华辰,电网设备,17.75,0.11,盈利阶段,2025年营业收入22.56亿元，同比增长42.73%；归母净利润7038.89万元，上年为9160.86万元（同比-23.16%）,2025,22.56亿元,42.73,7038.89万元,9160.86万元,-23.16,2024,15.81亿元,箱式变电站(52.7%)；干式变压器(22.6%)；油浸式变压器(20.6%)；电气成套设备(2.3%)；其他(补充)(1.4%),国家能源集团,"江苏华辰变压器股份有限公司(股票代码:603097)成立于2007年,并于2022年5月在上海证券交易所主板上市,是一家专注于高端输配电设备研发、制造与系统集成的高新技术企业。公司相继荣获国家绿色工厂、国家智能制造优秀场景、国家专精特新“小巨人”企业等多项国家级权威认定。作为主板上市公司,我们以更高的治理标准践行使命,致力于为全球能源转型提供安全、可靠、节能",2.3,40.81,39.88,14913,792,5.61,2026-03-31,72.21,较集中,1.72,0.73,6651283,4545104,1.46,5598194,2328425,2.4,13.18,42.61,27.29,0.65,1.35,15.53,10日量能放大2.40倍；低于/贴近年内均价；年内分位16%
10,001202,炬申股份,物流,12.18,-1.14,盈利阶段,2025年营业收入18.89亿元，同比增长81.65%；归母净利润7247.94万元，上年为8157.11万元（同比-11.15%）,2025,18.89亿元,81.65,7247.94万元,8157.11万元,-11.15,2024,10.40亿元,运输服务(83.4%)；仓储综合服务(16.2%)；其他(补充)(0.4%),中国铝业、天山铝业、东方希望、河南神火、信发集团、锦江集团、嘉能可等有色金属产业链大型生产企业、贸易商,"炬申物流集团股份有限公司成立于2011年11月,总部位于广东省佛山市南海区丹灶镇丹灶物流中心,是一家专业提供铝、铜、锌、锡、氧化铝、工业硅、不锈钢、PVC等大宗商品的综合物流服务的AAAA级物流企业。公司于2021年4月29日在深圳证券交易所上市(股票简称:炬申股份,股票代码:001202),目前在我国有色金属消费集散地、电解铝主要生产地设有全资子公司10家",1.67,20.3,14.23,16748,-856,-4.86,2026-03-31,71.92,较集中,2.19,0.49,6651313,4443524,1.5,5547419,2367551,2.34,12.18,24.38,15.96,0.76,1,0,10日量能放大2.34倍；低于/贴近年内均价；接近年内低点；年内分位0%
11,003001,中岩大地,专业工程,17.49,-9.98,盈利阶段,2025年营业收入6.16亿元，同比增长-21.82%；归母净利润1382.91万元，上年为6241.30万元（同比-77.84%）,2025,6.16亿元,-21.82,1382.91万元,6241.30万元,-77.84,2024,7.88亿元,岩土工程(89.6%)；产品销售(7.8%)；技术服务及其他(1.6%)；环境修复(0.9%),是以岩土技术为核心竞争力的科技,"北京中岩大地科技股份有限公司创立于2008年12月19日,并于2020年10月13日在深交所中小板上市,成功登陆A股资本市场,股票代码003001,是以岩土技术为核心竞争力的科技型上市企业。中岩大地秉承“悦人达己、创新卓越”的企业理念,坚守“以科技为依托,为客户提供优质岩土解决方案”的使命,通过岩土工程、环境修复、新材料等业务板块的服务工作,致力于打造全球知",1.75,30.53,20,17456,-112,-0.64,2026-03-31,55.6,较集中,19.89,1.09,26346320,20009120,1.32,23177720,7936814,2.92,12.6,37.18,21.11,0.83,1.39,19.89,10日量能放大2.92倍；换手19.89%；低于/贴近年内均价；年内分位20%
12,001328,登康口腔,个护用品,32.03,-0.16,盈利阶段,2025年营业收入17.16亿元，同比增长9.98%；归母净利润1.81亿元，上年为1.61亿元（同比12.35%）,2025,17.16亿元,9.98,1.81亿元,1.61亿元,12.35,2024,15.60亿元,成人牙膏(80.4%)；成人牙刷(10.2%)；儿童牙膏(4.6%)；口腔医疗与美容护理产品(2.1%)；儿童牙刷(1.7%),年通过股份,"重庆登康口腔护理用品股份有限公司(以下简称“登康口腔”或“公司”,股票代码001328)前身为重庆牙膏厂,其发展历史可追溯到1939年的大来化学制胰厂。公司于2001年通过股份制改造新设成立,目前已发展成为中国具有影响力的专业口腔护理企业。2023年4月,登康口腔在深圳证券交易所挂牌上市,是全面注册制下首批主板上市企业之一,也是当年首家A股上市渝企。登康口腔",1.72,55.15,51.8,9864,-3,-0.03,2026-03-31,79.19,非常集中,1.83,1.22,3054477,2088227,1.46,2571352,1227296,2.1,24.3,46.8,36.31,0.88,1.32,34.36,10日量能放大2.10倍；低于/贴近年内均价；年内分位34%
13,603926,铁流股份,汽车零部件,14.39,-5.39,盈利阶段,2025年营业收入23.82亿元，同比增长-0.77%；归母净利润7747.51万元，上年为1.03亿元（同比-24.86%）,2025,23.82亿元,-0.77,7747.51万元,1.03亿元,-24.86,2024,24.00亿元,汽车传动系统制造板块(54.7%)；商用车全车件供应链智慧服务板块(37.5%)；高精密零部件制造板块(6.0%)；其他(补充)(1.8%),车零部件智能制造及智慧服务为一体的全球性集团、是浙江奥思伟尔电动科技有限公司,"铁流股份有限公司(铁流股份:603926)成立于2009年(前身为成立于1985年的西湖离合器厂),于2017年在上海证券交易所主板上市,是一家集汽车零部件智能制造及智慧服务为一体的全球性集团公司。公司主营三大板块:1、汽车传动系统制造板块;2、新能源汽车高精密零部件制造板块;3、汽车智慧服务板块。公司致力于“智能化”和“信息化”建设,成立国家级实验室,通过",2.33,33.53,33.22,11490,568,5.2,2026-03-31,58.37,非常集中,2.27,0.71,9230971,4857778,1.9,7044375,5789745,1.22,11.48,28.2,18.02,0.8,1.25,17.4,5日量能放大1.90倍；低于/贴近年内均价；年内分位17%
14,603048,浙江黎明,汽车零部件,17.3,-3.19,盈利阶段,2025年营业收入7.27亿元，同比增长12.75%；归母净利润3115.60万元，上年为5336.29万元（同比-41.61%）,2025,7.27亿元,12.75,3115.60万元,5336.29万元,-41.61,2024,6.45亿元,装配件(37.5%)；精锻件(27.1%)；冲压件(24.3%)；其他件(9.8%)；其他(补充)(1.2%),吉利集团,"浙江黎明智造股份有限公司地处中国浙江舟山群岛新区,创始于1997年。浙江黎明是目前国内领先的专业生产气门锁夹、气门弹簧座、气门桥、活塞冷却喷嘴等汽车零部件的国家高新技术企业。气门锁夹、气门弹簧座、气门桥、活塞冷却喷嘴等系列产品常年保持国内市场占用率前列。浙江黎明秉持“以人品铸精品,以奋斗者为本,以客户为中心,现地现物解决问题”的价值观,坚持“产品零缺陷、客户",1.47,25.41,25.41,11421,1235,12.12,2026-03-31,74.79,非常集中,1.03,0.66,2883960,1878900,1.53,2381430,1500995,1.59,14.83,25.96,20.72,0.83,1.17,22.19,5日量能放大1.53倍；10日量能放大1.59倍；低于/贴近年内均价；接近年内低点；年内分位22%
15,001239,永达股份,工程机械,10.85,-1.72,盈利阶段,2025年营业收入20.40亿元，同比增长140.13%；归母净利润4753.37万元，上年为7908.01万元（同比-39.89%）,2025,20.40亿元,140.13,4753.37万元,7908.01万元,-39.89,2024,8.49亿元,金属锻件产品(69.1%)；金属结构件产品(22.2%)；其他(补充)(8.3%)；受托加工(0.4%),湘潭永达机械制造股份有限公司、与中国铁建重工集团、金风科技、明阳智慧能源集团、东方电气集团、湘电股份、江苏中车电机有限公司、国电联合动力技术有限公司,"湘潭永达机械制造股份有限公司创立于2005年7月。地处湖南省湘潭市九华工业园—国家级经济开发区,毗邻沪昆、京珠、岳临、长潭西线等高速公路,靠近湘江高新区湘江水运码头,临近湘潭北、株洲西、长沙南高铁站,距长沙黄花国际机场50公里。 主要产品涉及风力发电装备、隧道掘进装备、超大型塔机、大型挖机、大型电驱动自卸车等领域。 公司拥有三维CAD/CAD、PDM、CAP",2.4,26.04,12.37,17457,-396,-2.22,2026-03-31,65.96,较集中,3.39,1.24,3947343,2375918,1.66,3161631,2536629,1.25,10.73,21.07,15.82,0.69,1.01,1.16,5日量能放大1.66倍；换手3.39%；低于/贴近年内均价；接近年内低点；年内分位1%
16,603709,中源家居,家居用品,10.11,-2.32,减亏阶段,2025年营业收入16.23亿元，同比增长1.32%；归母净利润-2825.42万元，上年为-4173.90万元（同比32.31%）,2025,16.23亿元,1.32,-2825.42万元,-4173.90万元,32.31,2024,16.02亿元,功能沙发(68.3%)；固定沙发(25.6%)；其他(5.1%)；其他(补充)(1.0%),,"中源家居股份有限公司(股票代码:603709)成立于2001,是一家专注于功能性沙发设计、制造与销售的国际化企业。公司于2018年2月在上海证券交易所主板上市,产品远销美洲、欧洲、亚洲、非洲等多个地区,致力于为全球家庭提供高品质家居解决方案。面对复杂多变的全球市场环境,中源家居积极推进战略转型,以“韧性增长,智领未来”为发展主题,持续优化业务结构、提升品牌价",1.63,16.5,16.44,7862,-5002,-38.88,2026-03-31,73.54,非常集中,2.27,1.29,3584703,2780482,1.29,3182593,2072878,1.54,9.21,26.22,16.13,0.63,1.1,5.29,10日量能放大1.54倍；低于/贴近年内均价；接近年内低点；年内分位5%
17,603383,顶点软件,软件开发,30.4,2.88,盈利阶段,2025年营业收入5.82亿元，同比增长-12.38%；归母净利润1.78亿元，上年为1.94亿元（同比-8.14%）,2025,5.82亿元,-12.38,1.78亿元,1.94亿元,-8.14,2024,6.64亿元,软件开发及服务业务(99.1%)；系统集成(0.9%),已成为金融科技,"福建顶点软件股份有限公司成立于1996年,2017年在上海证券交易所主板上市(603383.SH)。自成立以来,顶点软件始终聚焦金融科技领域,坚持基础技术研究、持续的技术创新,已成为金融科技领域的技术变革引领者。在内存数据库、分布式交易中间件、低延时技术、大数据开发、低代码开发等基础技术研发有着深厚的积累,并取得了LiveDTP分布式交易平台、LiveBOS",2.05,62.43,62.43,28675,368,1.3,2026-03-31,49.81,较分散,3.49,1.32,6792088,4178574,1.63,5485331,3531019,1.55,25.18,49.27,35.88,0.85,1.21,21.67,5日量能放大1.63倍；10日量能放大1.55倍；换手3.49%；低于/贴近年内均价；接近年内低点；年内分位22%
18,002869,金溢科技,计算机设备,15.26,-2.62,转亏阶段,2025年营业收入4.64亿元，同比增长-22.15%；归母净利润-1.30亿元，上年为7875.48万元（同比-264.55%）,2025,4.64亿元,-22.15,-1.30亿元,7875.48万元,-264.55,2024,5.96亿元,智能终端(46.1%)；智能路侧(31.0%)；汽车电子(20.6%)；其他(2.3%),,"深圳市金溢科技股份有限公司于2004年5月20日在深圳注册成立,2017年5月在深交所中小板挂牌上市,股票代码002869。公司是最早一批从事智慧交通技术研发及产业化的领军企业,也是国家级专精特新小巨人企业和国家级制造业单项冠军企业。历经十余年的发展,金溢科技已成为集C-V2X、DSRC、RFID三大技术领先的智慧交通解决方案及产品提供商,业务涵盖汽车电子、",1.77,27,24.04,26570,847,3.29,2026-03-31,40.36,较集中,2.39,1.01,4711712,3382569,1.39,4047141,2100640,1.93,13.15,33.55,23.59,0.65,1.16,10.34,10日量能放大1.93倍；低于/贴近年内均价；接近年内低点；年内分位10%
19,603284,林平发展,造纸,39.18,-2.17,盈利阶段,2025年营业收入26.66亿元，同比增长7.26%；归母净利润1.85亿元，上年为1.53亿元（同比21.22%）,2025,26.66亿元,7.26,1.85亿元,1.53亿元,21.22,2024,24.85亿元,原纸(99.3%)；其他(补充)(0.7%),安徽林平循环发展股份有限公司,"安徽林平循环发展股份有限公司主要从事包装用瓦楞纸、箱板纸产品的研发、生产和销售,是一家具有自主研发及创新能力的高新技术企业;经过多年发展,公司已成长为集废纸利用、热电联产、绿色造纸于一体的资源综合利用企业。在发展经济的同时,公司积极履行社会责任。林平发展自成立以来持续推进""绿色制造+循环经济""双轮驱动发展战略,持续完善以资源高效利用和环境友好为导向的运营体系",0.75,29.55,7.24,20653,-16848,-44.93,2026-03-31,76.23,较集中,7.51,0.83,2087255,1809566,1.15,1948410,1126209,1.73,35.25,75.13,45.25,0.87,1.11,9.85,10日量能放大1.73倍；换手7.51%；低于/贴近年内均价；接近年内低点；年内分位10%
20,001318,阳光乳业,饮料乳品,10.75,-3.15,盈利阶段,2025年营业收入4.77亿元，同比增长-8.15%；归母净利润1.04亿元，上年为1.15亿元（同比-8.81%）,2025,4.77亿元,-8.15,1.04亿元,1.15亿元,-8.81,2024,5.19亿元,低温乳制品(79.6%)；常温乳制品(11.7%)；常温乳饮料(6.3%)；低温乳饮料(2.2%)；乳粉(0.2%),中国乳业科技、公司注重科技、国家科技、年收购江西省嘉牧生态农业科技开发有限公司、年江西第一家利用高科技、在江西畜牧业唯一荣获省市科技,"江西阳光乳业股份有限公司始创于1956年,是一家集乳制品、乳饮料研发、生产、销售以及牧草种植、奶牛养殖于一体的专业化、高科技的全产业链现代化乳品企业,一、二、三产业高度融合,同步发展。在国内乳制品低温入户配送领域内具有重要影响力和地位,并于2022年成功登陆深交所主板上市,股票代码001318。阳光乳业一直专注乳制品的研发、生产和销售,见证了江西第一瓶鲜奶诞",2.83,30.39,30.39,22136,-25,-0.11,2026-03-31,72.45,较集中,4.88,3.42,5072784,5282436,0.96,5177610,2515932,2.06,9.5,18.14,13.86,0.78,1.13,14.47,10日量能放大2.06倍；换手4.88%；低于/贴近年内均价；接近年内低点；年内分位14%
21,605155,西大门,家居用品,12.81,-0.54,盈利阶段,2025年营业收入8.82亿元，同比增长7.98%；归母净利润1.12亿元，上年为1.22亿元（同比-8.66%）,2025,8.82亿元,7.98,1.12亿元,1.22亿元,-8.66,2024,8.17亿元,遮阳成品(52.4%)；遮阳面料(44.6%)；其他(1.8%)；其他(补充)(1.3%),,"浙江西大门新材料股份有限公司,位于文化底蕴深厚的书法圣地——绍兴兰亭,成立于1997年,是一家集产品研发、设计、生产和销售于一体的多元化发展的上市公司。2020年,公司在上海证券交易所主板上市,股票代码:605155。经过近三十年的开拓与发展,西大门立足卓越品质与诚信经营,逐步发展成为一个涵盖遮阳面料、遮阳成品、家居三大核心业务板块的综合型企业。基于强大的自",1.91,24.41,23.93,10483,708,7.24,2026-03-31,64.88,非常集中,1.44,0.62,5445712,5371805,1.01,5408758,2577190,2.1,11.15,21.78,15.74,0.81,1.15,15.62,10日量能放大2.10倍；低于/贴近年内均价；接近年内低点；年内分位16%
22,603200,上海洗霸,环境治理,36.41,0.3,盈利阶段,2025年营业收入5.03亿元，同比增长-1.41%；归母净利润8996.31万元，上年为4295.41万元（同比109.44%）,2025,5.03亿元,-1.41,8996.31万元,4295.41万元,109.44,2024,5.10亿元,化学品销售与服务(39.8%)；水处理系统运行管理(26.8%)；设备销售与安装(26.1%)；新能源先进材料(2.6%)；其他产品服务(2.5%),,"上海洗霸科技股份有限公司(股票简称“上海洗霸”,股票代码603200)创始于1992年7月8日,成立于1994年7月4日。2017年6月1日在上交所主板上市,是提供水处理特种化学品、过程化学品与新能源领域固态电池和氢电混动动力关键核心材料,数据中心空液冷系统装备、全自动智能控制在线加药保障系统整体解决方案服务的主板上市公司,总部位于上海市虹口区中山北一路12",1.75,63.89,63.89,41869,2318,5.86,2026-03-31,55.49,较分散,6.07,2.61,5123362,3897320,1.31,4510341,3412486,1.32,30.85,110.5,68.29,0.53,1.18,6.98,换手6.07%；低于/贴近年内均价；接近年内低点；年内分位7%
23,600980,北矿科技,专用设备,17.75,-0.28,盈利阶段,2025年营业收入13.07亿元，同比增长10.03%；归母净利润1.25亿元，上年为1.06亿元（同比17.71%）,2025,13.07亿元,10.03,1.25亿元,1.06亿元,17.71,2024,11.88亿元,矿冶装备(76.6%)；磁性材料(23.2%)；其他(补充)(0.2%),国内大中型资源开发企业和海外知名矿山企业,"北矿科技股份有限公司原名北矿磁材科技股份有限公司,2000年9月6日成立,2004年5月12日在上海证券交易所上市,股票代码600980。2016年6月14日更名为北矿科技股份有限公司。北矿科技股份有限公司是国家发展改革委、科技部、财政部、海关总署、国家税务总局联合认定的国家企业技术中心。公司控股股东矿冶科技集团有限公司是国务院国资委直属的大型中央企业。公司",1.93,34.3,33.59,31042,-3201,-9.35,2026-03-31,51.44,较分散,1.62,0.89,4329378,2746215,1.58,3537796,3204642,1.1,15.25,30.47,22.87,0.78,1.16,16.43,5日量能放大1.58倍；低于/贴近年内均价；接近年内低点；年内分位16%
24,600241,时代万恒,电池,6.84,-3.8,转亏阶段,2025年营业收入3.83亿元，同比增长-4.39%；归母净利润-1.32亿元，上年为1938.29万元（同比-780.07%）,2025,3.83亿元,-4.39,-1.32亿元,1938.29万元,-780.07,2024,4.01亿元,锂电池(63.2%)；镍氢电池(34.9%)；其他(补充)(1.5%)；其他(0.4%),斯蒂尔、松下、宝时得,"辽宁时代万恒股份有限公司前身为辽宁省服装进出口公司。主营出口各种服装、服装面料、服饰品和其它梭织、针织制品,年均进出口额2亿美元左右,连续十余年进入全国进出口500强企业。 公司在积极开展对外贸易的同时,还投资于服装加工、面料印染和房地产等业务。主要服装、面料产品销往欧洲、美洲、日本、东南亚等60多个国家和地区,与世界300多个客户建立了长期稳定的合作关系。",2.94,20.13,20.13,17166,1439,9.15,2026-03-31,60.81,较集中,4.61,1.78,9568144,6066004,1.58,7817074,8952423,0.87,5.87,10.48,8.49,0.81,1.17,21.04,5日量能放大1.58倍；换手4.61%；低于/贴近年内均价；接近年内低点；年内分位21%
25,002866,传艺科技,消费电子,14.81,1.37,扭亏阶段,2025年营业收入21.46亿元，同比增长9.76%；归母净利润8584.08万元，上年为-7347.41万元（同比216.83%）,2025,21.46亿元,9.76,8584.08万元,-7347.41万元,216.83,2024,19.55亿元,笔记本及台式机电脑键盘等输入设备及配件(66.3%)；笔记本电脑触控板及按键(Button/Touchpad)(23.6%)；笔记本电脑等消费电子产品所用柔性印刷线路板(FPC)(7.3%)；其他(2.0%)；新能源电池系统及其材料(0.8%),Thinkpad、Lenovo、惠普、华为、SAMSUNG、小米、富士康等,"江苏传艺科技股份有限公司创建于2007年11月,2017年4月在深交所A股发行上市(代码:002866),是国家高新技术企业、国家级专精特新""小巨人""企业、国家级服务型制造示范企业、国家知识产权示范企业。公司主要产品有5G用高频电路板、人机交互输入设备(键盘、鼠标等),75%的产品出口美日韩等国,为联想惠普、戴尔、华硕四大品牌笔记本电脑提供键盘配套。主要产品",2.9,42.88,26.84,41222,4387,11.91,2026-03-31,53.1,较分散,8.56,1.39,14074668,17287644,0.81,15681156,6430937,2.44,13.3,30,19.29,0.77,1.11,9.04,10日量能放大2.44倍；换手8.56%；低于/贴近年内均价；接近年内低点；年内分位9%
26,603630,拉芳家化,化妆品,15.06,-0.86,转亏阶段,2025年营业收入8.18亿元，同比增长-7.92%；归母净利润-3115.42万元，上年为4136.66万元（同比-175.31%）,2025,8.18亿元,-7.92,-3115.42万元,4136.66万元,-175.31,2024,8.89亿元,洗护类(91.9%)；其他(5.5%)；香皂(2.5%)；其他(补充)(0.1%),公司以科技,"拉芳家化股份有限公司,创办于2001年,是一家集研发、生产、销售、自主品牌的个人护理用品企业。拉芳家化(股票代码:603630)于2017年3月13日登陆上海证券交易所,是国内民族品牌洗涤类洗发露企业之一。拉芳用了二十二年的时间,崛起于中国化妆品日化行业,拉芳品牌""爱生活、爱拉芳""响彻全国。是国内成为家喻户晓的个人护理用品知名品牌。旗下拥有拉芳、美多丝、雨洁",2.25,33.92,33.92,20644,1188,6.11,2026-03-31,64.57,较集中,9.66,2.15,12727844,13594106,0.94,13160975,7046557,1.87,12.04,31.19,19.6,0.77,1.25,15.77,10日量能放大1.87倍；换手9.66%；低于/贴近年内均价；年内分位16%
27,001220,世盟股份,物流,29.54,1.41,盈利阶段,2025年营业收入8.58亿元，同比增长-16.51%；归母净利润1.39亿元，上年为1.70亿元（同比-18.11%）,2025,8.58亿元,-16.51,1.39亿元,1.70亿元,-18.11,2024,10.28亿元,供应链综合物流服务(75.7%)；干线运输服务(24.3%),世盟供应链管理股份有限公司,"世盟供应链管理股份有限公司成立于2010年,是一家有着多年合同物流经验的综合服务承包商,在全国设有多家分/子公司,以实体物流与管理标准输出相结合的经营模式为大中型企业客户提供多维度、高效率的现代化供应链物流服务。",0.92,27.26,6.68,22018,-22110,-50.1,2026-03-31,75.79,较集中,3.81,1.38,782788,732332,1.07,757560,586475,1.29,27.01,70,36.95,0.8,1.09,5.89,换手3.81%；低于/贴近年内均价；接近年内低点；年内分位6%
28,001225,和泰机电,专用设备,43.66,10,盈利阶段,2025年营业收入2.39亿元，同比增长-4.77%；归母净利润3410.18万元，上年为5753.66万元（同比-40.73%）,2025,2.39亿元,-4.77,3410.18万元,5753.66万元,-40.73,2024,2.51亿元,板链斗式提升机(42.1%)；易损配件(26.0%)；胶带斗式提升机(16.1%)；其他配件(10.4%)；其他输送机(3.7%),红狮集团、金隅集团、山水集团、针对大型水泥生产集团,"杭州和泰机电股份有限公司成立于1995年6月,公司为国家高新技术企业、浙江省专精特新中小企业,建有浙江省级企业技术中心,是国内先进的物料输送设备制造商之一。成立以来,公司深耕垂直物料输送设备制造行业,经过20多年的稳步发展,在技术研发、产品设计、生产制造以及综合服务等方面积累了丰富的经验,树立了良好的行业口碑。公司主要产品包括板链斗式提升机、胶带斗式提升机等",0.66,28.63,9.19,8066,3288,68.82,2026-03-31,74.12,非常集中,8.44,1.59,1401480,1334840,1.05,1368160,983893,1.39,31.95,89.05,51.82,0.84,1.37,20.51,换手8.44%；低于/贴近年内均价；年内分位21%
29,002732,燕塘乳业,饮料乳品,13.27,1.53,盈利阶段,2025年营业收入15.86亿元，同比增长-8.47%；归母净利润5762.51万元，上年为1.03亿元（同比-43.94%）,2025,15.86亿元,-8.47,5762.51万元,1.03亿元,-43.94,2024,17.32亿元,乳酸菌乳饮料类(43.1%)；液体乳类(36.3%)；花式奶(19.2%)；其他(1.3%),稳健迈向集团、大力推进实施科技、致力成为中国优秀乳制品上市企业集团,"广东燕塘乳业股份有限公司(下称“燕塘乳业”)始创于1956年,为农业农村部直属广东农垦上市企业,中国奶业协会副会长单位、中国乳制品工业协会副理事长单位、IDF(国际乳品联合会)中国国家委员会成员、中国奶业20强(D20)企业联盟成员,也是广东第一家一体化全产业链乳制品上市公司、华南首家D20企业。一直以来,燕塘乳业秉承“市场导向、科技领先、质量第一、顾客至上",1.57,20.88,20.78,15402,-762,-4.71,2026-03-31,61.77,较集中,2.76,2.32,2338160,2313960,1.01,2326060,1424283,1.63,12.01,20.03,16.45,0.81,1.1,15.71,10日量能放大1.63倍；低于/贴近年内均价；接近年内低点；年内分位16%
30,603216,梦天家居,家居用品,18.98,-5.29,盈利阶段,2025年营业收入10.85亿元，同比增长-2.88%；归母净利润6481.01万元，上年为6126.11万元（同比5.79%）,2025,10.85亿元,-2.88,6481.01万元,6126.11万元,5.79,2024,11.17亿元,门类(40.0%)；柜类(34.5%)；墙板(13.0%)；其他(补充)(10.7%)；其他家具(1.8%),,"梦天家居集团股份有限公司“梦天”品牌现已成为越来越多高端家庭的选择,在全国发展了1100多家经销商专卖店。 为确保高端品质,梦天家居成立了专业化的设计、研发团队,并自建了庆元、嘉善两大自动化定制家居生产基地,是全屋家具大规模个性化定制试点示范项目单位,高新技术企业。 梦天联合国家林科院建立了“木质门研发中心”和“林业工程博士后工作站”。 在中国,梦天家居的营",2.23,42.27,42.27,10534,-1944,-15.58,2026-03-31,76.26,非常集中,1.73,1.37,3528220,4758178,0.74,4143199,2323730,1.78,12.15,58.84,26.44,0.72,1.56,14.63,10日量能放大1.78倍；低于/贴近年内均价；年内分位15%
31,603665,康隆达,服装家纺,20.11,-4.65,扭亏阶段,2025年营业收入14.06亿元，同比增长-7.5%；归母净利润7953.99万元，上年为-4.86亿元（同比116.38%）,2025,14.06亿元,-7.5,7953.99万元,-4.86亿元,116.38,2024,15.20亿元,功能性手套(57.9%)；一次性丁腈胶手套(26.6%)；锂盐加工(7.2%)；非功能性手套(4.9%)；锂盐(1.9%),,"浙江康隆达特种防护科技股份有限公司是一家专业从事防酸碱、防其他化学品腐蚀、抗切割、耐高温、高耐磨、耐电弧、绝缘、触屏抗静电、阻燃等各类特种功能防护手套和当今世界三大高性能纤维之一的超高强高模聚乙烯纤维的研发、生产、销售的企业,是一家为重要细分行业或大型企事业单位提供人体重要部位防护解决方案及其为大型企事业单位提供从采购→储存→使用发放→使用效果统计分析→回收",1.6,32.21,32.21,7981,306,3.99,2026-03-31,56.95,非常集中,1.21,0.66,3685880,3972427,0.93,3829153,2188155,1.75,19.31,40.78,28.91,0.7,1.04,3.73,10日量能放大1.75倍；低于/贴近年内均价；接近年内低点；年内分位4%
32,603192,汇得科技,化学制品,19.29,-5.12,盈利阶段,2025年营业收入24.72亿元，同比增长-7.43%；归母净利润8128.92万元，上年为1.25亿元（同比-34.74%）,2025,24.72亿元,-7.43,8128.92万元,1.25亿元,-34.74,2024,26.71亿元,革用聚氨酯(65.6%)；聚酯多元醇(17.4%)；聚氨酯弹性体及原液(9.6%)；其他(补充)(3.4%)；新能源制件(2.2%),年创立的上海汇得化工有限公司、物流和服务于一体的集团化科技,"上海汇得科技股份有限公司成立于2007年6月,前身为1997年创立的上海汇得化工有限公司。2018年,公司在上海证券交易所成功上市(股票代码:603192),开启了新的发展篇章。作为集设计、研发、生产、销售、物流和服务于一体的集团化科技型企业,汇得科技专注于新材料领域的创新与发展。主要产品包括革用聚氨酯树脂、热塑性聚氨酯弹性体(TPU)、聚氨酯组合原液、胶黏",1.67,32.25,26.89,12981,-5772,-30.78,2026-03-31,66.8,非常集中,2.34,1.08,3810024,5657314,0.67,4733669,2185723,2.17,16.37,38.37,23.56,0.82,1.18,13.27,10日量能放大2.17倍；低于/贴近年内均价；接近年内低点；年内分位13%
33,001222,源飞宠物,文娱用品,13.99,-0.29,盈利阶段,2025年营业收入17.34亿元，同比增长32.35%；归母净利润1.16亿元，上年为1.64亿元（同比-29.47%）,2025,17.34亿元,32.35,1.16亿元,1.64亿元,-29.47,2024,13.10亿元,宠物零食(53.1%)；宠物牵引用具(24.4%)；宠物主粮(9.5%)；其他(8.6%)；宠物玩具(4.4%),践行宠物用品时尚、智能新主张、成为世界知名企业”的宏大愿景激昂前行,"温州源飞宠物玩具制品股份有限公司成立于2004年,位于浙江省平阳县水头镇标准园区宠乐路1号,系浙江省进出口宠物食品用品行业协会会长单位、平阳县宠物食用品行业协会常务会长单位。公司是一家专业从事宠物用品和宠物零食研发、生产、销售的高新技术企业,主要产品包括宠物牵引用具、宠物玩具等宠物用品,宠物零食、宠物干粮、宠物湿粮等宠物食品。企业以稳定的产品质量和独特的创新",1.91,26.71,15.81,12847,722,5.95,2026-03-31,75.26,非常集中,5.81,1.99,4149392,6071352,0.68,5110372,2976546,1.72,12.71,29.89,20.74,0.67,1.1,7.45,10日量能放大1.72倍；换手5.81%；低于/贴近年内均价；接近年内低点；年内分位7%
34,001326,联域股份,照明设备Ⅱ,42.44,-3.87,盈利阶段,2025年营业收入15.38亿元，同比增长4.56%；归母净利润2533.82万元，上年为1.01亿元（同比-74.99%）,2025,15.38亿元,4.56,2533.82万元,1.01亿元,-74.99,2024,14.71亿元,LED灯具(88.2%)；配件(5.5%)；LED光源(4.6%)；其他(1.6%),深圳市联域光电股份有限公司,"深圳市联域光电股份有限公司成立于2012年,于2023年11月9日,在深圳证券交易所上市,股票代码:001326。公司专业致力于LED照明产品的研发、生产和销售,并立足北美,面向欧亚,依托强大的产品研发设计生产能力、供应链保障能力,领先的技术和品质,与众多全球头部光电照明品牌建立长期稳定的合作关系。公司通过国际标准化组织(ISO)颁布的三大关键领域体系认证,",0.73,31.07,10.19,5938,-1294,-17.89,2026-03-31,75.5,非常集中,5.52,1.28,1309867,1236456,1.06,1273162,1160575,1.1,33.51,75.5,50.69,0.84,1.27,21.27,换手5.52%；低于/贴近年内均价；年内分位21%
35,600847,万里股份,电池,11,-3.51,亏损阶段,2025年营业收入5.06亿元，同比增长-12.39%；归母净利润-5291.30万元，上年为-3940.70万元（同比-34.27%）,2025,5.06亿元,-12.39,-5291.30万元,-3940.70万元,-34.27,2024,5.78亿元,铅酸蓄电池(98.0%)；其他(2.0%),重庆万里新能源股份有限公司、股份有限公司、重庆万里蓄电池股份有限公司、重庆万里电源科技有限公司为重庆万里新能源股份,"重庆万里新能源股份有限公司,原名重庆万里控股(集团)股份有限公司、重庆万里蓄电池股份有限公司,前身为重庆蓄电池总厂;现公司位于重庆市江津区双福街道创业路26号并于1994年3月20日在上海证券交易所正式上市交易,股票代码为600847。公司始建于1943年,当时以生产甲、乙类干电池为主。解放后,根据国家建设需要,公司于1956年开始着手研制起动用铅酸蓄电池,",1.53,16.86,16.86,9563,795,9.07,2026-03-31,46.93,非常集中,2.33,1.12,4016145,3493263,1.15,3754704,2496278,1.5,9.66,18.17,12.82,0.86,1.14,15.75,10日量能放大1.50倍；低于/贴近年内均价；接近年内低点；年内分位16%
36,603258,电魂网络,游戏Ⅱ,12.56,-0.48,转亏阶段,2025年营业收入3.85亿元，同比增长-30.08%；归母净利润-2.14亿元，上年为3057.89万元（同比-800.23%）,2025,3.85亿元,-30.08,-2.14亿元,3057.89万元,-800.23,2024,5.50亿元,客户端游戏(63.7%)；移动端游戏(31.5%)；其他(补充)(4.7%)；AI业务(0.1%),最具科技,"杭州电魂网络科技股份有限公司成立于2008年,是一家致力于研发、运营精品化网络游戏的互联网公司在产品的研发上有丰富的经验,对游戏制作有深刻认识和独特见解。电魂通过高效的游戏开发体系、精准的游戏推广方案,以竞技类网络游戏为特色产品,已发展成为集创意策划、美术设计、技术研发、产品开发、游戏推广、运营维护、海外合作于一体的游戏开发商、运营商。一直以来,公司秉持“铸",2.43,30.49,30.31,24079,-287,-1.18,2026-03-31,55.21,较集中,4.36,2.79,4743720,3965661,1.2,4354691,4321265,1.01,10.75,24.45,18.24,0.69,1.17,13.21,换手4.36%；低于/贴近年内均价；接近年内低点；年内分位13%
37,603395,红四方,农化制品,23.31,0.47,盈利阶段,2025年营业收入34.31亿元，同比增长-1.57%；归母净利润5123.89万元，上年为9316.68万元（同比-45%）,2025,34.31亿元,-1.57,5123.89万元,9316.68万元,-45,2024,34.85亿元,复合肥(91.8%)；氮肥产品(6.5%)；硫酸钾产品(1.0%)；其他(补充)(0.7%),隶属于中国盐业集团有限公司、为中盐集团、获得中国石油和化学工业联合会科技、神农中华农业科技、秉承中盐集团,"中盐安徽红四方肥业股份有限公司(以下简称公司)隶属于中国盐业集团有限公司,是专业从事复合肥和氮肥产品的研发、生产、销售和服务的化肥生产企业,为中盐集团农肥业务板块的运营主体,入选国务院国资委“双百企业”名单,2024年成功登陆上海证券交易所主板。公司前身合肥化肥厂始建于1958年,是全国最早的小氮肥、小联碱生产企业之一。公司拥有安徽、湖南、湖北、吉林四大生产",2.6,60.61,15.15,26535,264,1,2026-03-31,76.27,较集中,4.58,1.33,2816710,4980989,0.57,3898850,2223464,1.75,19.8,40.55,30.13,0.77,1.18,16.92,10日量能放大1.75倍；换手4.58%；低于/贴近年内均价；接近年内低点；年内分位17%
38,600262,北方股份,专用设备,14,0.86,盈利阶段,2025年营业收入30.73亿元，同比增长5.28%；归母净利润2.15亿元，上年为1.79亿元（同比20.44%）,2025,30.73亿元,5.28,2.15亿元,1.79亿元,20.44,2024,29.18亿元,矿用车整车(79.4%)；矿用车备件及服务(20.3%)；其他(补充)(0.3%),内蒙古北方重型汽车股份有限公司、现为中国兵器北重集团,"内蒙古北方重型汽车股份有限公司(以下简称:北方股份)是我国专业从事非公路矿用车及其零部件研发、生产和销售的企业,公司于1988年中外合资成立,现为中国兵器北重集团旗下A股上市公司。北方股份拥有科技园区、工业园区、维修再制造及试验园区三大园区,拥有矿用车领域唯一的国家级工程研究中心,是全球唯一能在同一条生产线生产25-400吨全系列矿用车的企业,致力于为用户提",2.38,33.32,33.32,17148,429,2.57,2026-03-31,44.86,较集中,1.51,0.92,4923655,6227785,0.79,5575720,3349701,1.66,12.49,35.22,24.61,0.57,1.12,6.64,10日量能放大1.66倍；低于/贴近年内均价；接近年内低点；年内分位7%
39,001395,亚联机械,专用设备,27.85,-1.38,盈利阶段,2025年营业收入8.01亿元，同比增长-7.42%；归母净利润1.87亿元，上年为1.55亿元（同比20.93%）,2025,8.01亿元,-7.42,1.87亿元,1.55亿元,20.93,2024,8.65亿元,生产线(87.0%)；其他(补充)(7.4%)；改造项目(3.1%)；钢带(2.5%),,"亚联机械股份有限公司是人造板高端生产装备整体解决方案的供应商和服务商,主营业务为人造板生产线及其配套设备和专用材料的研发、生产、销售和服务。公司核心产品为连续平压生产线,可用于生产纤维板、刨花板、定向刨花板、可饰面复合板等多种类型的人造板材。在此基础上,公司还提供全面的生产线配套设备和高强度不锈钢钢带等专用材料,并根据客户需求提供生产线的技术升级、改造和其他",1.13,31.59,14.48,9917,405,4.26,2026-03-31,63.53,非常集中,7.27,1.05,4522389,7889308,0.57,6205848,3427223,1.81,22.81,60.49,42.32,0.66,1.22,13.38,10日量能放大1.81倍；换手7.27%；低于/贴近年内均价；接近年内低点；年内分位13%
40,605068,明新旭腾,汽车零部件,20.59,9.99,扭亏阶段,2025年营业收入14.83亿元，同比增长25.76%；归母净利润1481.09万元，上年为-1.72亿元（同比108.6%）,2025,14.83亿元,25.76,1481.09万元,-1.72亿元,108.6,2024,11.79亿元,天然皮革(58.3%)；人造革及合成革(36.0%)；其他(补充)(5.6%),,"明新旭腾新材料股份有限公司是一家专注于汽车内饰材料研发、清洁生产和销售的高新技术企业。公司成立于2005年,公司总部位于浙江嘉兴,2020年11月23日于上海证券交易所主板上市,代码605068。随着业务的不断发展,相继建立了明新皮业欧洲创新中心,中国北方阜新工厂,江苏徐州新沂工厂三大研发和生产基地。自设立以前,明新旭腾始终秉承“新材料赋能美好生活”的企业愿",1.62,33.4,33.4,7766,-445,-5.42,2026-03-31,71.81,非常集中,3.48,1.98,3578200,3476920,1.03,3527560,3931410,0.9,12.94,34.87,24.96,0.82,1.59,34.88,换手3.48%；低于/贴近年内均价；年内分位35%
41,603536,惠发食品,食品加工,8.72,2.11,亏损阶段,2025年营业收入14.10亿元，同比增长-26.78%；归母净利润-6955.19万元，上年为-1658.59万元（同比-319.34%）,2025,14.10亿元,-26.78,-6955.19万元,-1658.59万元,-319.34,2024,19.25亿元,供应链(26.7%)；丸制品(24.7%)；油炸品(16.7%)；肠制品(9.8%)；中式菜肴(9.8%),,"山东惠发食品股份有限公司成立于2005年2月,2017年6月13日在上海证券交易所挂牌上市,成功登陆A股主板,是一家集预制菜品研发、生产、销售和提供健康食材供应链服务于一体的综合性食品企业。公司拥有五个生产基地,荣获了“国家安全生产标准化一级企业”、“高新技术企业”、“山东省农业产业化重点龙头企业”等多项荣誉称号,先后组建并成立了院士工作站、博士后工作站、山",2.42,21.14,20.97,20961,-2872,-12.05,2026-03-31,60.56,较集中,4.99,2.75,5478392,6900112,0.79,6189252,4048930,1.53,7.66,15.77,10.4,0.84,1.14,13.07,10日量能放大1.53倍；换手4.99%；低于/贴近年内均价；接近年内低点；年内分位13%
42,000526,学大教育,教育,36.33,9.99,盈利阶段,2025年营业收入32.27亿元，同比增长15.84%；归母净利润1.95亿元，上年为1.80亿元（同比8.58%）,2025,32.27亿元,15.84,1.95亿元,1.80亿元,8.58,2024,27.86亿元,教育培训服务费收入(96.7%)；其他(补充)(3.2%)；设备租赁(0.1%),教育科技集团股份有限公司,"学大(厦门)教育科技集团股份有限公司完成了收购学大教育集团暨重大资产重组的相关工作,公司主营业务由设备采购、租赁及物业租赁变更为教育培训服务,秉承“为每个孩子提供最适合的教育""的使命,率先开创了一对一个性化辅导模式,经过多年的持续提供优质服务,在业内树立了广泛的知名度和良好的美誉度,成为了课外辅导行业的领军品牌。同时还开展了游乐设备综合服务业务以及物业租赁业",1.22,44.27,44.13,20107,-261,-1.28,2026-03-31,44.54,较集中,5.05,1.48,5213160,6495981,0.8,5854571,3064142,1.91,23.8,56.9,38.32,0.95,1.53,37.85,10日量能放大1.91倍；换手5.05%；低于/贴近年内均价
43,603151,邦基科技,饲料,11.96,0.25,盈利阶段,2025年营业收入56.99亿元，同比增长124.24%；归母净利润1.11亿元，上年为5012.98万元（同比121.12%）,2025,56.99亿元,124.24,1.11亿元,5012.98万元,121.12,2024,25.42亿元,猪配合料(85.1%)；猪浓缩料(4.7%)；猪预混料(3.5%)；其他饲料(2.9%)；生猪(2.3%),提高用户养猪水平,"山东邦基科技股份有限公司成立于2007年4月,并于2022年10月19日成功登陆A股,正式在上交所主板成功上市,股票简称:“邦基科技”,股票代码:“603151”。公司是一家致力于动物生命、生物技术与动物营养研究的国家农业产业化重点龙头企业。是国家高新技术企业。公司先后被评为山东饲料行业科技引领集团二十强、生猪饲料企业十强、蛋禽饲料企业十强,并授予中国饲料工",1.71,20.49,20.49,11267,534,4.98,2026-03-31,70.66,非常集中,1.54,0.68,4869100,10425089,0.47,7647095,4418570,1.73,10.63,31.36,19.09,0.63,1.13,6.42,10日量能放大1.73倍；低于/贴近年内均价；接近年内低点；年内分位6%
44,001288,运机集团,专用设备,25.2,-1.52,盈利阶段,2025年营业收入17.86亿元，同比增长16.29%；归母净利润1.96亿元，上年为1.57亿元（同比24.42%）,2025,17.86亿元,16.29,1.96亿元,1.57亿元,24.42,2024,15.36亿元,输送机整机(75.4%)；永磁电机滚筒等(10.8%)；技术服务及备件(9.1%)；其他(4.8%),四川省自贡运输机械集团股份有限公司、系收购四川省自贡运输机械总厂而新组建的股份、制企业集团,"四川省自贡运输机械集团股份有限公司创建于2003年9月,系收购四川省自贡运输机械总厂而新组建的股份制企业集团,是中国散料输送机械设计、制造和安装领军企业之一,国家火炬计划重点高新技术企业,中国西部地区输送机械设计、制造商。公司于2021年11月1日在深交所主板正式挂牌上市(股票代码001288)。公司主要从事通用带式输送机、管状带式输送机、曲线带式输送机、斗",2.34,58.91,38.27,9590,-243,-2.47,2026-03-31,71.16,非常集中,1.86,0.9,3938780,6235212,0.63,5086996,3076973,1.65,19.7,40.99,28.16,0.89,1.28,25.83,10日量能放大1.65倍；低于/贴近年内均价；年内分位26%
45,603696,安记食品,调味发酵品Ⅱ,13.23,9.98,盈利阶段,2025年营业收入5.85亿元，同比增长8.8%；归母净利润2749.45万元，上年为3597.51万元（同比-23.57%）,2025,5.85亿元,8.8,2749.45万元,3597.51万元,-23.57,2024,5.38亿元,其他(补充)(64.3%)；复合调味粉(28.0%)；酱类调味品(3.3%)；香辛料(3.3%)；天然提取物调味料(0.8%),,"安记食品股份有限公司是一家主板上市企业(股票代码:603696),作为国内复合调味料的知名企业之一,自1995年成立以来,坚持以“弘扬中华饮食文化,创造人类健康生活新概念”为使命,一直专注于调味品的研发、生产和销售。目前公司已逐步形成以咖喱调料类、肉味复调类“双头部”为主导,复合调味类、香辛调料类、酱汁调料类、其他类目为补充,协调发展的战略体系。2025年1",2.35,31.12,31.12,32702,-12454,-27.58,2026-03-31,64.41,较分散,4.03,2.18,5469754,7293296,0.75,6381525,4188579,1.52,10.05,29.57,14.99,0.88,1.32,16.29,10日量能放大1.52倍；换手4.03%；低于/贴近年内均价；年内分位16%
46,002829,星网宇达,航天装备Ⅱ,18.54,-9.3,减亏阶段,2025年营业收入3.78亿元，同比增长-10.64%；归母净利润-1.09亿元，上年为-2.28亿元（同比52.09%）,2025,3.78亿元,-10.64,-1.09亿元,-2.28亿元,52.09,2024,4.23亿元,无人系统(54.3%)；信息感知(31.5%)；卫星通信(12.3%)；其他(1.8%),卫星导航定位科技进步奖等科技、先后主持并承担了若干项重要科技、始终秉持科技,"北京星网宇达科技股份有限公司成立于2005年,2016年在深交所上市,股票代码002829,是以惯性技术为核心,专业从事智能无人系统及核心部组件研发、生产、销售的国家高新技术企业。公司是工信部专精特新“小巨人”企业,建设有北京市企业技术中心、惯性/北斗多传感器融合导航与测控技术北京市工程实验室。公司共获得国家科学技术进步奖、北京市科学技术奖、吴文俊人工智能科",2.08,38.53,27.08,38382,-393,-1.01,2026-03-31,41.1,较分散,10.63,1.01,19223498,27422355,0.7,23322927,11861652,1.97,16,35.69,24.3,0.76,1.16,12.9,10日量能放大1.97倍；换手10.63%；低于/贴近年内均价；接近年内低点；年内分位13%
47,600793,宜宾纸业,造纸,12.61,-2.93,扭亏阶段,2025年营业收入23.27亿元，同比增长3.99%；归母净利润2734.02万元，上年为-1.28亿元（同比121.29%）,2025,23.27亿元,3.99,2734.02万元,-1.28亿元,121.29,2024,22.38亿元,纸制品(64.8%)；醋酸纤维素产品(34.6%)；其他(补充)(0.6%),,"宜宾纸业股份有限公司创立于1944年,是中国领先的竹浆纸生产企业,专注于竹子制浆造纸研究与生产。公司位于四川省宜宾市,拥有丰富的竹资源和先进的生产设备,年产能超过50万吨高品质竹浆纸。我们致力于通过技术创新和绿色生产,为客户提供优质环保的纸制品,同时推动造纸行业可持续发展。",1.77,22.31,22.31,22251,-1128,-4.82,2026-03-31,56.83,较集中,5.27,1.2,9799118,8578067,1.14,9188592,15070969,0.61,11.43,29.45,20.22,0.62,1.1,6.55,换手5.27%；低于/贴近年内均价；接近年内低点；年内分位7%
48,603202,天有为,汽车零部件,54.4,2.76,盈利阶段,2025年营业收入39.98亿元，同比增长-10.46%；归母净利润9.22亿元，上年为11.36亿元（同比-18.88%）,2025,39.98亿元,-10.46,9.22亿元,11.36亿元,-18.88,2024,44.65亿元,全液晶组合仪表(45.5%)；双联屏仪表(28.5%)；其他汽车电子产品及服务(19.3%)；电子式组合仪表(6.3%)；其他(补充)(0.4%),,"黑龙江天有为电子股份有限公司成立于2003年,总部位于黑龙江省绥化市,并在广西柳州、湖北武汉、墨西哥等地设有子公司,在哈尔滨、大连、韩国设有分公司。公司主要从事汽车仪表的研发设计、生产、销售和服务,并逐步向智能座舱领域拓展。公司主要产品包括电子式组合仪表、全液晶组合仪表、双联屏仪表、车载信息娱乐系统、车载空调控制器、车载无线充电器、汽车电子开发服务等。自设立",1.6,87.04,27.32,18952,-2031,-9.68,2026-03-31,74.74,较集中,3.93,2.27,1094468,1570173,0.7,1332320,1172737,1.14,48.11,108.6,87.23,0.62,1.13,10.4,换手3.93%；低于/贴近年内均价；接近年内低点；年内分位10%
49,603161,科华控股,汽车零部件,13.9,-6.33,盈利阶段,2025年营业收入22.40亿元，同比增长-5.59%；归母净利润9750.42万元，上年为1.05亿元（同比-7.21%）,2025,22.40亿元,-5.59,9750.42万元,1.05亿元,-7.21,2024,23.72亿元,涡轮壳及装配件(58.7%)；中间壳及装配件(30.4%)；其他机械零部件(10.5%)；其他(补充)(0.5%),盖瑞特、博格华纳、上海菱重、纬湃汽车、博马科技、丰沃、宁波天力、蜂巢,"科华控股股份有限公司创建于2002年,专业生产汽车涡轮增压器零部件、工程机械配件、液压泵阀以及新能源汽车零部件,目前已成为全球知名的汽车涡轮增压器零部件细分行业头部企业。2018年1月5日,公司在上海证券交易所主板上市,股票代码603161。凭借多年来积累的技术和管理经验,公司现已与世界500强的关键客户如盖瑞特、博格华纳、三菱重工、GKN、长城汽车等建立了",1.94,27.02,26.51,12933,-836,-6.07,2026-03-31,49.18,非常集中,3.11,1.4,5318613,7186119,0.74,6252366,3289480,1.9,12.02,17.12,14.1,0.99,1.16,36.86,10日量能放大1.90倍；换手3.11%；低于/贴近年内均价；接近年内低点
50,603352,至信股份,汽车零部件,27.06,10,盈利阶段,2025年营业收入40.53亿元，同比增长31.25%；归母净利润2.27亿元，上年为2.04亿元（同比11.52%）,2025,40.53亿元,31.25,2.27亿元,2.04亿元,11.52,2024,30.88亿元,冲焊零部件(89.9%)；其他(补充)(4.9%)；冲压模具(4.7%)；机器人工作站及集成(0.5%),长安汽车、吉利汽车、比亚迪、蔚来汽车等主流品牌、并为宁德时代、英纳法、伟巴斯特等汽车零部件企业提供配套服务,"重庆至信实业股份有限公司成立于1995年,于2026年上海证券交易所主板上市。公司专注于汽车冲焊件及相关模具开发、加工、生产和销售,总部位于重庆,在全国建有10余家制造基地。依托三十余年行业积累,公司围绕冲焊件研发与制造,构建了涵盖模具开发、自动化集成及冲焊件生产的完整产业链布局,可为整车及零部件企业提供整体解决方案。公司主要产品为汽车白车身冲焊件及配套工装",2.27,61.34,12.27,36368,-43329,-54.37,2026-03-31,77.19,较分散,9.52,5.38,1013362,1468510,0.69,1240936,1050306,1.18,23.5,80,35.84,0.76,1.15,6.3,换手9.52%；低于/贴近年内均价；接近年内低点；年内分位6%
51,603205,健尔康,医疗器械,20.42,-1.07,盈利阶段,2025年营业收入10.24亿元，同比增长-2.04%；归母净利润1.11亿元，上年为1.20亿元（同比-7.31%）,2025,10.24亿元,-2.04,1.11亿元,1.20亿元,-7.31,2024,10.46亿元,护理类(33.6%)；手术耗材类(31.3%)；高分子及辅助类(17.7%)；消毒清洁类(16.4%)；其他(0.8%),日完成股份、江苏省民营科技,"健尔康医疗科技股份有限公司(以下简称:健尔康医疗)创建于1999年,2020年10月30日完成股份制改革。公司生产环境符合国际相关标准。依托行业内规模前列的生产布局,结合自动化生产配置与信息化管理体系,公司连续多年位居医用敷料出口排名第四位,公司于2024年11月7日上海证券交易所主板发行上市,是国内医用敷料领域的专业制造商与出口商。公司专注一次性医用敷料、",1.56,31.86,8.44,14887,-1679,-10.14,2026-03-31,75.67,较集中,1.56,1.1,739772,1670744,0.44,1205258,712426,1.69,19.57,32.15,26.95,0.76,1.04,6.76,10日量能放大1.69倍；低于/贴近年内均价；接近年内低点；年内分位7%
52,605069,正和生态,环境治理,9.06,-6.02,减亏阶段,2025年营业收入3.60亿元，同比增长1.04%；归母净利润-1.57亿元，上年为-1.68亿元（同比6.33%）,2025,3.60亿元,1.04,-1.57亿元,-1.68亿元,6.33,2024,3.56亿元,水利工程(90.4%)；水生态保护与修复(13.2%)；其他(补充)(0.1%)；规划设计(-3.7%),北京正和恒基滨水生态环境治理股份有限公司、生态环境科技、公司总部设立在北京市清华科技,"北京正和恒基滨水生态环境治理股份有限公司(简称:正和生态)成立于1997年,定位于“生态环境科技运营商”,是国家高新技术企业,北京市企业技术中心。公司深耕生态环境领域28年,公司坚持以国际领先的7+1共生城市可持续发展理念和NbS(基于自然的解决方案)工作方法为核心,围绕生态环境、城市滨水客厅及文旅景区运营和人工智能三大业务板块,为客户提供“科技+设计+建设",2.12,19.18,19.18,10063,-4730,-31.97,2026-03-31,70.14,非常集中,3.32,1.43,6157354,7478474,0.82,6817914,6721895,1.01,8.63,16.98,12.13,0.75,1.05,5.15,换手3.32%；低于/贴近年内均价；接近年内低点；年内分位5%
53,603896,寿仙谷,中药Ⅱ,14.55,-0.55,盈利阶段,2025年营业收入6.40亿元，同比增长-9.21%；归母净利润1817.43万元，上年为1.74亿元（同比-89.58%）,2025,6.40亿元,-9.21,1817.43万元,1.74亿元,-89.58,2024,7.05亿元,灵芝孢子粉类产品(59.9%)；其他(23.6%)；铁皮石斛类产品(14.7%)；其他(补充)(1.8%),,"浙江寿仙谷医药股份有限公司,寿仙谷药号始建于清宣统元年(1909年),1997年改制,2013年股改为浙江寿仙谷医药股份有限公司,地处中国温泉养生生态产业示范区的浙江省武义县。公司是一家集名贵中药材良种选育、研究、栽培、生产、营销为一体的中华老字号企业、国家高新技术企业、国家重点农业龙头企业、国家级非遗代表性项目保护单位;中国食用菌协会、中国医药教育协会副会",1.98,28.84,28.84,24048,-183,-0.76,2026-03-31,46.65,较集中,1.04,0.87,2956078,3675625,0.8,3315851,2206169,1.5,12.62,23.04,19.22,0.76,1.15,18.52,10日量能放大1.50倍；低于/贴近年内均价；接近年内低点；年内分位19%
54,001230,劲旅环境,环境治理,16.61,-3.82,盈利阶段,2025年营业收入16.70亿元，同比增长8.53%；归母净利润1.69亿元，上年为1.41亿元（同比20.33%）,2025,16.70亿元,8.53,1.69亿元,1.41亿元,20.33,2024,15.39亿元,智慧运营(88.9%)；设备制造与销售(10.8%)；其他(补充)(0.2%),,"劲旅环境科技股份有限公司(股票代码:001230)是致力于城乡环境综合治理的国家高新技术企业。我们以“智能制造、智慧服务、数字平台、先进机器人”四轮驱动为核心战略,构建起覆盖技术研发、产品创新、精益生产与智慧服务的完整产业生态链。深耕行业二十余载,劲旅环境始终以数字化、智能化驱动产业升级。我们提供的不仅是单一产品,更是覆盖城乡环卫一体化、水域管护、市政管养及",1.88,31.19,18.27,11310,-1711,-13.14,2026-03-31,64.06,非常集中,3.44,0.69,6918512,13659815,0.51,10289164,6222763,1.65,14.94,29.5,23.43,0.71,1.11,11.47,10日量能放大1.65倍；换手3.44%；低于/贴近年内均价；接近年内低点；年内分位11%
55,603365,水星家纺,服装家纺,18.65,0.81,盈利阶段,2025年营业收入45.28亿元，同比增长7.99%；归母净利润4.07亿元，上年为3.67亿元（同比10.96%）,2025,45.28亿元,7.99,4.07亿元,3.67亿元,10.96,2024,41.93亿元,被子(48.3%)；套件(32.7%)；其它(9.4%)；枕芯(9.4%)；其他(补充)(0.1%),上海水星家用纺织品股份有限公司、是水星控股集团、下辖上海水星电子商务有限公司、公司高度重视科技,"上海水星家用纺织品股份有限公司前身创建于1987年,是水星控股集团下属主要成员企业,中国现代家纺业的重要奠基者。公司秉承着“让家人睡个好觉”的企业使命,“好被芯选水星”的品牌主张,致力于通过“智造睡眠”理念为消费者提供兼顾「舒适与美学」的健康睡眠床品,经过三十多年的发展,已经成为集研发、设计、生产、销售于一体,专业化,多品牌的现代化企业,综合实力居行业领先地",2.62,48.96,48.7,6815,-480,-6.58,2026-03-31,65.35,非常集中,0.79,1.55,1690516,3586998,0.47,2638757,1397488,1.89,15.5,25.13,19.34,0.96,1.2,32.71,10日量能放大1.89倍；低于/贴近年内均价；接近年内低点；年内分位33%
56,001259,利仁科技,小家电,38.73,-7.39,盈利阶段,2025年营业收入4.34亿元，同比增长13.91%；归母净利润931.48万元，上年为1083.22万元（同比-14.01%）,2025,4.34亿元,13.91,931.48万元,1083.22万元,-14.01,2024,3.81亿元,厨房小家电电饼铛类(51.1%)；厨房小家电多功能锅类(19.5%)；厨房小家电其他(13.6%)；其他(7.2%)；厨房小家电空气炸锅类(6.4%),,"北京利仁科技股份有限公司1995年研发并生产了中国第一台家用电饼铛,作为中国电饼铛的开拓者,利仁电饼铛得到了消费者的高度认可,在行业内享有“电饼铛专家”的美誉。三十年来,利仁一直专注于从事厨房小家电与家居小家电系列产品研发、设计、生产与销售,以自主品牌“利仁Liven”系列产品为核心,致力于为消费者提供高品质生活的创新型小家电企业。目前公司有五大产品系列:高",0.74,28.5,18.41,5559,165,3.06,2026-03-31,73.77,非常集中,2.87,1.07,1599866,2611240,0.61,2105553,1398086,1.51,23.78,90,37.43,1.03,1.63,22.58,10日量能放大1.51倍；年内分位23%
57,603068,博通集成,半导体,35.75,-9.99,扭亏阶段,2025年营业收入9.18亿元，同比增长10.87%；归母净利润2223.78万元，上年为-2472.49万元（同比189.94%）,2025,9.18亿元,10.87,2223.78万元,-2472.49万元,189.94,2024,8.28亿元,无线数传类(81.8%)；无线音频类(18.2%),股份有限公司,"博通集成电路(上海)股份有限公司(股票代码:603068.SH)是全球领先的无线连接芯片设计企业,致力于为物联网应用提供尖端芯片解决方案。公司成立于2004年,始终坚持以技术创新驱动发展,引领物联网时代互联互通的未来。博通集成电路凭借世界一流的RF-CMOS集成电路设计能力和先进的数字信号处理技术,为客户提供高性能、低功耗的系统级芯片(SoC)解决方案,广泛",1.52,54.26,54.26,35876,-6627,-15.59,2026-03-31,41.81,较分散,11.57,1.9,11593347,10489102,1.11,11041224,10313587,1.07,30.15,51.38,37.25,0.96,1.19,26.38,换手11.57%；低于/贴近年内均价；接近年内低点；年内分位26%
58,000995,皇台酒业,白酒Ⅱ,10.47,3.15,盈利阶段,2025年营业收入1.70亿元，同比增长-1.53%；归母净利润1412.12万元，上年为2770.03万元（同比-49.02%）,2025,1.70亿元,-1.53,1412.12万元,2770.03万元,-49.02,2024,1.72亿元,粮食白酒(95.0%)；葡萄酒(3.1%)；鲜葡萄(1.2%)；其他(补充)(0.7%),,"甘肃皇台酒业股份有限公司始建于1985年,于2000年8月在深圳证券交易所上市,股票名称:皇台酒业,股票代码:000995。主要经营白酒、葡萄酒的生产与销售,是甘肃省内一家集名优白酒、名优葡萄酒于一身的上市公司,是全国19家酿酒板块上市公司之一。“凉州皇台”获中国驰名商标,“凉州皇台酒”荣获包括第二届巴拿马特别金奖在内的国际、国内酒类奖项100多项。1993",1.77,18.57,18.57,47637,10062,26.78,2026-03-31,40.51,较分散,14.39,2.58,12420421,13972780,0.89,13196601,10239266,1.29,8.81,21.2,13.53,0.77,1.19,13.4,换手14.39%；低于/贴近年内均价；接近年内低点；年内分位13%
59,605033,美邦股份,农化制品,18.7,10,盈利阶段,2025年营业收入9.12亿元，同比增长2.98%；归母净利润4866.47万元，上年为3685.93万元（同比32.03%）,2025,9.12亿元,2.98,4866.47万元,3685.93万元,32.03,2024,8.86亿元,杀菌剂(62.7%)；杀虫剂(26.3%)；其他(10.8%)；其他(补充)(0.2%),陕西美邦药业集团股份有限公司、公司始终站在农药行业科技,"陕西美邦药业集团股份有限公司于1998年成立,位于陕西省渭南经开区新材料产业聚集区,作为上海证券交易所主板上市企业(股票代码605033),在新型安全环保农药领域精耕细作,业务覆盖研发、生产、销售及农业技术推广服务。产品涵盖杀虫剂、杀菌剂、植物生长调节剂等,广泛应用于大田、瓜果、蔬菜、花卉等农作物生长各个环节,拥有丰富产品与证件资源。公司是国家高新技术企业,",1.35,25.28,25.28,12508,-4067,-24.54,2026-06-30,73.69,非常集中,3.05,3.32,1571826,2016393,0.78,1794110,1930179,0.93,15.81,34.69,21.51,0.87,1.18,15.31,换手3.05%；低于/贴近年内均价；接近年内低点；年内分位15%
60,002857,三晖电气,电网设备,15.11,-2.52,转亏阶段,2025年营业收入3.63亿元，同比增长-46.74%；归母净利润-4194.14万元，上年为1809.97万元（同比-331.72%）,2025,3.63亿元,-46.74,-4194.14万元,1809.97万元,-331.72,2024,6.81亿元,储能设备(48.9%)；电能计量配套产品系列(33.4%)；电能表标准与校验装置产品系列(14.3%)；其他(补充)(2.4%)；康养机器人(0.9%),市级科技,"郑州三晖电气股份有限公司(以下称“三晖电气”,股票代码002857)2017年3月23日在深交所中小板挂牌上市。郑州三晖电气股份有限公司创建于1996年,主要从事电能计量仪器仪表的研发、设计、生产和销售,能为智能电网计量器具用户、生产企业和检定机构提供标准与校验综合解决方案。现已形成由电能计量装置、电力互感器和电力负荷管理采集终端三大产业块。产品全部服务于国",1.31,19.74,19.43,12677,571,4.72,2026-03-31,44.58,非常集中,2.35,1.1,3457691,5678772,0.61,4568231,2776796,1.65,13.8,31.2,22.01,0.69,1.09,7.53,10日量能放大1.65倍；低于/贴近年内均价；接近年内低点；年内分位8%
61,600573,惠泉啤酒,非白酒,9.65,-0.21,盈利阶段,2025年营业收入6.40亿元，同比增长-1.05%；归母净利润7999.05万元，上年为6483.02万元（同比23.38%）,2025,6.40亿元,-1.05,7999.05万元,6483.02万元,23.38,2024,6.47亿元,啤酒(96.9%)；其他(补充)(3.1%),依靠科技,"福建省燕京惠泉啤酒股份有限公司位于东南沿海——海峡西岸经济区泉州市惠安县境内,是中国十佳啤酒企业之一,也是中国啤酒行业第六家、福建省惟一一家啤酒上市公司。公司现拥有惠安本埠、福建福鼎、江西抚州三个啤酒生产基地,总生产规模设计年产能力80万吨,现实际产能55万吨啤酒,是地方举足轻重的支柱企业和纳税大户。先后被授予“全国五一劳动奖状”、“全国质量管理先进单位”、",2.5,24.13,24.13,19909,-2821,-12.41,2026-03-31,57.17,较集中,4.13,1.78,7282607,8430846,0.86,7856726,7937116,0.99,8.61,15.59,11.89,0.81,1.12,14.9,换手4.13%；低于/贴近年内均价；接近年内低点；年内分位15%
62,600706,曲江文旅,旅游及景区,7.45,2.76,亏损阶段,2025年营业收入9.67亿元，同比增长-22.83%；归母净利润-1.96亿元，上年为-1.31亿元（同比-49.43%）,2025,9.67亿元,-22.83,-1.96亿元,-1.31亿元,-49.43,2024,12.53亿元,景区运营管理(45.4%)；酒店餐饮(24.8%)；体育项目(18.2%)；旅游服务(旅行社)(8.4%)；数字科技(1.7%),西安曲江文化旅游股份有限公司,"西安曲江文化旅游股份有限公司是隶属于西安曲江新区管理委员会旗下西安曲江文化产业投资(集团)有限公司的国有控股上市公司。曲江文旅持续深化“基于传统文化IP的现代旅游产业链集成运营体系”的建设工作,夯实“资源开发+产品开发+市场开发+项目开发+产业发展+品牌运营”的核心能力,讲好中国故事,新著古都(古城、古镇)文脉,展现可信、可爱、可敬的中国形象。",2.55,19,18.93,33392,-5314,-13.73,2026-03-31,46.57,较分散,5.23,2.2,7592580,8321031,0.91,7956806,7652038,1.04,6.42,14.29,9.93,0.75,1.16,13.09,换手5.23%；低于/贴近年内均价；接近年内低点；年内分位13%
63,002995,天地在线,广告营销,16.61,1.1,亏损阶段,2025年营业收入11.31亿元，同比增长-15.48%；归母净利润-1.28亿元，上年为-6754.39万元（同比-89.91%）,2025,11.31亿元,-15.48,-1.28亿元,-6754.39万元,-89.91,2024,13.38亿元,数字化营销服务(90.5%)；数智化综合服务(9.3%)；其他(0.2%),,"北京全时天地在线网络信息股份有限公司成立于2005年,是国内早期从事企业互联网服务的机构。总部位于北京,先后在安徽、陕西、河北、深圳、四川等地成立多家分、子公司,形成覆盖全国的、服务企业级客户的营销服务网络。天地在线与腾讯、360、爱奇艺、字节跳动等众多知名互联网公司深入合作,整合主流互联网媒体资源。累计为超过100,000家企业级客户提供互联网营销及Saa",1.77,29.48,18.67,32622,5113,18.59,2026-03-31,55.59,较分散,17.56,2.92,8502028,8620324,0.99,8561176,11211134,0.76,13.7,38.56,20.48,0.81,1.21,11.71,换手17.56%；低于/贴近年内均价；接近年内低点；年内分位12%
64,603324,盛剑科技,环保设备Ⅱ,23.26,-8.14,转亏阶段,2025年营业收入11.26亿元，同比增长-22.42%；归母净利润-1710.96万元，上年为1.20亿元（同比-114.27%）,2025,11.26亿元,-22.42,-1710.96万元,1.20亿元,-114.27,2024,14.51亿元,绿色厂务系统(67.9%)；设备及关键零部件产品(27.4%)；电子化学品材料(4.4%)；其他(补充)(0.2%),是中国高科技产业知名的绿色科技、新能源等高科技、为绿色企业提供科技、励志发展成为全球领先的绿色科技,"上海盛剑科技股份有限公司创立于2005年,是中国高科技产业知名的绿色科技服务商,于2021年4月在上海证券交易所主板上市(股票代码:603324)。公司以“致力于美好环境”为企业使命,持续秉持“行业延伸+产品延伸”的发展方针,已形成“绿色厂务系统解决方案、半导体附属装备及核心零部件、电子化学品材料”主营业务三驾马车。公司深度布局中国半导体产业集聚区,总部位于",1.48,34.35,34.35,14625,-1750,-10.69,2026-03-31,68.12,较集中,4.51,1.36,6160371,7787024,0.79,6973697,7580031,0.92,22.61,56.39,27.92,0.83,1.03,1.92,换手4.51%；低于/贴近年内均价；接近年内低点；年内分位2%
65,002820,桂发祥,休闲食品,8.67,-0.34,转亏阶段,2025年营业收入4.71亿元，同比增长-4.93%；归母净利润-2452.53万元，上年为2707.30万元（同比-190.59%）,2025,4.71亿元,-4.93,-2452.53万元,2707.30万元,-190.59,2024,4.96亿元,麻花产品(66.5%)；外采食品(15.2%)；糕点及方便食品(12.0%)；OEM产品(5.2%)；其他(补充)(1.1%),,"天津桂发祥十八街麻花食品股份有限公司是中华老字号企业,主要从事传统特色及其他休闲食品的研发、生产和销售。公司的产品包括以十八街麻花为代表的传统特色休闲食品,以及糕点、节令食品、面包、甘栗、果仁等休闲食品。主打产品“桂发祥十八街”系列麻花,荣获首届“2015中国特色旅游商品评选活动”金奖,其制作技艺入选国家级非物质文化遗产代表性项目名录,以其酥脆香甜、久放不绵",2.01,17.42,17.42,26668,-4136,-13.43,2026-03-31,40.83,较集中,4.51,1.7,6713038,8626622,0.78,7669830,5552252,1.38,7.66,17.39,11.6,0.75,1.13,10.38,换手4.51%；低于/贴近年内均价；接近年内低点；年内分位10%
66,603334,丰倍生物,化学制品,32.09,0.94,盈利阶段,2025年营业收入31.71亿元，同比增长62.77%；归母净利润1.41亿元，上年为1.24亿元（同比13.52%）,2025,31.71亿元,62.77,1.41亿元,1.24亿元,13.52,2024,19.48亿元,生物基材料(76.8%)；生物燃料(12.4%)；油脂化学品(10.6%)；其他(补充)(0.2%),海新能科、嘉澳环保、山东海科化工有限公司,"苏州丰倍生物科技股份有限公司是一家天然油脂资源综合利用领域的高新技术企业,主要以天然油脂生产资源化产品。基于长期的研发投入和产业实践,公司在天然油脂资源综合利用的深度及广度上不断拓展,形成了“工业油脂—生物燃料(生物柴油)—生物基材料”的油脂资源再生产业链。此外,公司还依托自身油脂综合利用核心技术和渠道优势为客户提供油脂化学品。公司主营业务以天然油脂资源综合",1.44,46.05,10.21,17894,-762,-4.08,2026-03-31,78.1,较集中,7.38,2.48,1188420,2225365,0.53,1706892,1604920,1.06,29.6,76,46.23,0.69,1.08,5.37,换手7.38%；低于/贴近年内均价；接近年内低点；年内分位5%
67,001396,誉帆科技,基础建设,32.04,0.72,盈利阶段,2025年营业收入7.59亿元，同比增长3.98%；归母净利润1.25亿元，上年为1.27亿元（同比-1.74%）,2025,7.59亿元,3.98,1.25亿元,1.27亿元,-1.74,2024,7.30亿元,修复类(53.5%)；检测及专项调查类(28.9%)；养护类(11.3%)；整车销售(3.8%)；材料销售及其他(2.5%),上海誉帆环境科技股份有限公司、并获得了自然资源部科技、上海市科技、北京市科技、华夏奖等重大科技、依托绿色科技和智能科技,"上海誉帆环境科技股份有限公司(简称“誉帆科技”)于2012年成立,是地下供排水管网运营维护的国家级高新技术企业,为政府相关权属单位提供服务,业务范围覆盖全产业链,包括上游的新型柔性材料制造、特种设备制造,中游的智慧化运营,以及下游的检测评估与调查、非开挖修复等。誉帆科技先后承担了国家级和省市级的重大科技课题的研发,并获得了自然资源部科技进步奖、上海市科技进步",1.07,34.25,7.28,15592,-15807,-50.34,2026-03-31,79.54,较集中,5.11,1.83,794548,1087685,0.73,941117,1398950,0.67,29.1,64.5,43.43,0.74,1.1,8.31,换手5.11%；低于/贴近年内均价；接近年内低点；年内分位8%
68,603214,爱婴室,专业连锁Ⅱ,12.68,-0.7,盈利阶段,2025年营业收入37.82亿元，同比增长9.09%；归母净利润8145.68万元，上年为1.06亿元（同比-23.45%）,2025,37.82亿元,9.09,8145.68万元,1.06亿元,-23.45,2024,34.67亿元,奶粉(61.9%)；用品(13.8%)；食品(9.4%)；棉纺(6.1%)；供应商服务(5.6%),关系、双方将在营造数字化营销,"上海爱婴室商务服务股份有限公司创立于1997年,总部位于上海市,公司全称为上海爱婴室商务服务股份有限公司。爱婴室是一家经营母婴商品与母婴服务的专业连锁企业,为孕前及0-6岁婴幼儿家庭提供全品类母婴商品及服务。公司以母婴产品、服务以及消费者体验为核心,坚持“渠道+品牌+多产业”三大发展战略,通过“会员营销+全渠道布局”,聚焦母婴市场以提供高品质、高性价比的商品",1.39,17.57,17.57,21923,-84,-0.38,2026-03-31,41.34,较集中,1.72,1,3002800,4318962,0.7,3660881,2432450,1.51,11.62,22.52,16.93,0.75,1.09,9.72,10日量能放大1.51倍；低于/贴近年内均价；接近年内低点；年内分位10%
69,002778,中晟高科,环境治理,13.97,-3.66,扭亏阶段,2025年营业收入1.94亿元，同比增长-60.63%；归母净利润7373.31万元，上年为-1.70亿元（同比143.3%）,2025,1.94亿元,-60.63,7373.31万元,-1.70亿元,143.3,2024,4.93亿元,污水处理设施委托运营业务(65.9%)；环境工程业务(31.2%)；环境咨询服务(2.4%)；其他(补充)(0.5%),宝钢、沙钢、攀钢、马钢、萍钢、徐工集团、恒立液压、山河智能、奥克斯、保变电气、钱江电气、瓦克化学、金风科技等,"江苏中晟高科环境股份有限公司成立于1992年,坐落于长三角中心城市无锡,是一家由苏州市吴中区国资控股的上市公司(股票代码:002778)。目前公司实行润滑油业务与环保业务双主业运行。公司业务主要包含润滑油、环保两大板块,是国内润滑油行业先驱企业和知名生态环境综合服务商,被评为中国润滑油行业十强、年度最具影响力民族品牌、国家火炬项目非金属材料产业基地、生态环境",1.25,17.43,17.24,10372,-1055,-9.23,2026-03-31,42.41,非常集中,3.68,2.61,2184058,2628938,0.83,2406498,2079353,1.16,13.04,24.3,19.79,0.71,1.07,8.26,换手3.68%；低于/贴近年内均价；接近年内低点；年内分位8%
70,002943,宇晶股份,通用设备,26.27,-7.04,扭亏阶段,2025年营业收入8.35亿元，同比增长-19.56%；归母净利润1315.31万元，上年为-3.75亿元（同比103.51%）,2025,8.35亿元,-19.56,1315.31万元,-3.75亿元,103.51,2024,10.38亿元,高精密数控切、磨、抛设备(73.2%)；硅片及切片加工服务(17.1%)；其他(5.9%)；热场系统系列产品(1.7%)；设备改造及服务(1.1%),湖南宇晶机器股份有限公司,"湖南宇晶机器股份有限公司成立于1998年,是一家专注光伏、新能源汽车与消费电子行业的智能装备制造企业,公司主要从事多线切割机、研磨抛光机等硬脆材料加工装备、金刚石线、热场系统及光伏硅片系列产品的研发、生产和销售。公司产品主要用于太阳能光伏硅片、蓝宝石、碳化硅、手机触摸屏及后盖、视窗玻璃、LED照明、磁性材料、压电水晶及陶瓷等硬脆材料的精密加工,广泛应用于光伏",2.67,70.1,49.61,17596,4455,33.9,2026-03-31,52.66,较集中,5.1,1.21,10033249,12894916,0.78,11464082,12745249,0.9,25.88,95.6,47.64,0.55,1.02,0.56,换手5.10%；低于/贴近年内均价；接近年内低点；年内分位1%
71,600661,昂立教育,教育,8.48,4.05,扭亏阶段,2025年营业收入13.73亿元，同比增长11.63%；归母净利润8657.02万元，上年为-4858.47万元（同比278.18%）,2025,13.73亿元,11.63,8657.02万元,-4858.47万元,278.18,2024,12.30亿元,青少儿素质教育(53.8%)；高中业务(30.9%)；国际与基础教育(8.7%)；职业及成人教育(5.5%)；其他(1.2%),上海交大南洋股份有限公司、上海新南洋股份有限公司,"上海新南洋昂立教育科技股份有限公司(曾用名:上海交大南洋股份有限公司、上海新南洋股份有限公司)由上海交通大学发起和组建,1992年7月30日经上海市人民政府教育卫生办公室批准设立,1993年6月14日在上海证券交易所上市。2014年,公司完成重大资产重组,收购上海昂立教育科技集团有限公司全部股份。2018年,公司更名为上海新南洋昂立教育科技股份有限公司,公司",2.87,24.3,24.3,21273,-1427,-6.29,2026-03-31,44.73,较集中,5.5,2.45,8073291,7861552,1.03,7967422,9615967,0.83,6.75,12.53,9.99,0.85,1.26,29.93,换手5.50%；低于/贴近年内均价；年内分位30%
72,603382,海阳科技,化学纤维,18.6,9.99,盈利阶段,2025年营业收入42.76亿元，同比增长-22.85%；归母净利润1.15亿元，上年为1.66亿元（同比-30.74%）,2025,42.76亿元,-22.85,1.15亿元,1.66亿元,-30.74,2024,55.42亿元,尼龙6切片(58.4%)；帘子布(36.5%)；尼龙6丝线(4.9%)；其他(补充)(0.3%),金发科技、正新集团,"海阳科技股份有限公司地处江苏省泰州市,上世纪七十年代建厂。经过50多年耕耘,建成为锦纶(尼龙)6切片、轮胎骨架材料浸胶帘子布、锦纶6工业纤维三大产品系列,集研发、生产、营销一体面向全球的民营科技型企业。公司现拥有江苏海阳锦纶新材料有限公司、江苏同欣化纤有限公司、江苏华恒新材料有限公司、海阳科技(江苏)研究院有限公司等多家子公司和控股公司。 半个多世纪的专注积",1.81,33.71,21.48,15694,-1016,-6.08,2026-03-31,57.01,较集中,3.35,3.25,1495413,2372181,0.63,1933797,1667196,1.16,15.82,43.48,29.2,0.64,1.18,10.05,换手3.35%；低于/贴近年内均价；接近年内低点；年内分位10%
73,001325,元创股份,橡胶,35.61,1.48,盈利阶段,2025年营业收入14.32亿元，同比增长6.12%；归母净利润1.58亿元，上年为1.55亿元（同比2.03%）,2025,14.32亿元,6.12,1.58亿元,1.55亿元,2.03,2024,13.49亿元,农用带(56.8%)；工程带(36.5%)；履带板(5.0%)；其他(补充)(0.9%)；其他产品(0.7%),沃得农机、潍柴雷沃、三一重工、徐工机械、中联重机、洋马集团,"元创科技股份有限公司公司位于台州市三门县,是一家专业从事研发、生产、销售橡胶履带类产品的企业,主要产品包括农用机械橡胶履带、工程机械橡胶履带和橡胶履带板,产品国内市场占有率排名第一。公司是橡胶履带国家标准起草单位之一,先后参与制定了GB/T20786-2015《橡胶履带》和GB/T34232-2017《橡胶履带板》两项国家标准,技术实力获得行业广泛认可。近年",0.78,27.92,6.98,12084,-5423,-30.98,2026-03-31,75.6,非常集中,4.29,1.84,574505,873995,0.66,724250,877602,0.83,32.47,79,48.69,0.73,1.1,6.75,换手4.29%；低于/贴近年内均价；接近年内低点；年内分位7%
74,002159,三特索道,旅游及景区,13.09,2.03,盈利阶段,2025年营业收入6.38亿元，同比增长-7.81%；归母净利润1.43亿元，上年为1.42亿元（同比0.96%）,2025,6.38亿元,-7.81,1.43亿元,1.42亿元,0.96,2024,6.92亿元,索道营运(80.1%)；景区门票(13.8%)；其他(补充)(4.2%)；酒店餐饮(1.3%)；温泉业务(0.7%),三特集团、是武汉市第一批股份制改革试点的高科技、充分利用当代集团、世界知名的旅游集团,"武汉三特索道集团股份有限公司(以下简称“三特集团”)成立于1989年,是武汉市第一批股份制改革试点的高科技企业。三十年来,三特集团发展成为聚焦索道、专注山水生态型景区的旅游上市企业(股票代码:002159.SZ),先后在全国范围内投资、建设、经营了20多个索道和景区项目,包括陕西华山索道、浙江千岛湖索道、贵州梵净山景区、海南猴岛景区等一批优质项目。投资运营的",1.77,23.21,18.13,11554,-1949,-14.43,2026-03-31,56.53,非常集中,3.04,1.9,2782561,3535263,0.79,3158912,3074408,1.03,12.05,21.62,15.8,0.83,1.09,10.87,换手3.04%；低于/贴近年内均价；接近年内低点；年内分位11%
75,002380,科远智慧,IT服务Ⅱ,25.97,-4.87,盈利阶段,2025年营业收入18.67亿元，同比增长10.97%；归母净利润1.39亿元，上年为2.52亿元（同比-44.85%）,2025,18.67亿元,10.97,1.39亿元,2.52亿元,-44.85,2024,16.82亿元,工业自动化(81.6%)；工业AI(14.3%)；工业机器人(3.1%)；其他(1.1%),,"南京科远智慧科技集团股份有限公司(简称:科远智慧)创立于1993年5月,2010年3月深交所上市(股票代码:002380),中国领先的自动化、信息化、智能化技术、产品、解决方案供应商,智慧产业建设引领者。围绕“3060”碳达峰、碳中和目标,业务涉及“智慧工业”、“智慧城市”等板块。",2.4,62.33,36.93,21244,-4787,-18.39,2026-03-31,60.76,较集中,4.09,1.41,5207280,7693181,0.68,6450230,5550811,1.16,23.58,51.06,31.02,0.84,1.1,8.7,换手4.09%；低于/贴近年内均价；接近年内低点；年内分位9%
76,001279,强邦新材,包装印刷,24.5,3.2,盈利阶段,2025年营业收入14.82亿元，同比增长0.21%；归母净利润5352.05万元，上年为8231.62万元（同比-34.98%）,2025,14.82亿元,0.21,5352.05万元,8231.62万元,-34.98,2024,14.79亿元,胶印版材(90.4%)；柔性版材(6.3%)；其他(3.3%),郭良春家族创立上海强邦印刷器材有限公司、安徽强邦印刷材料有限公司,"安徽强邦新材料股份有限公司是一家专注于感光材料领域的高新技术企业、国家级专精特新“小巨人”企业。自2010年成立以来,公司始终致力于感光材料在印刷版材领域应用的研发、生产与销售,现已成为行业内颇具影响力的领导者。公司发展历程:2003年,郭良春家族创立上海强邦印刷器材有限公司,通过CTP胶印版材参与竞争,市场占有率不断的提升。2010年,安徽强邦印刷材料有限",1.6,39.2,9.8,16530,-65,-0.39,2026-03-31,76.34,较集中,5.47,4.4,628478,1144159,0.55,886319,944995,0.94,22.62,42.9,34.29,0.71,1.08,9.27,换手5.47%；低于/贴近年内均价；接近年内低点；年内分位9%
77,603255,鼎际得,化学制品,25.96,4.22,扭亏阶段,2025年营业收入8.41亿元，同比增长7.66%；归母净利润1142.12万元，上年为-1213.21万元（同比194.14%）,2025,8.41亿元,7.66,1142.12万元,-1213.21万元,194.14,2024,7.81亿元,抗氧剂单剂(48.1%)；复合助剂(32.0%)；催化剂(16.4%)；其他(2.4%)；POE(1.0%),国家能源集团,"辽宁鼎际得石化股份有限公司是一家上交所主板挂牌上市的股份制公司(股票简称:鼎际得,股票代码:603255)。公司创建于2004年,位于辽宁省营口市。主营聚丙烯催化剂、聚乙烯催化剂、给电子体、抗氧剂、复合抗氧剂及其他聚烯烃用助剂,是国内一家集聚烯烃催化剂及后期添加剂一体的综合性研发、生产、销售的高新技术企业。""十八载砥砺奋进,十八载春华秋实"",现已成为中石油一",1.35,34.94,15.75,7532,818,12.18,2026-03-31,75.48,非常集中,3.76,1.92,1489038,2413176,0.62,1951107,2203049,0.89,23.61,40.95,32.16,0.81,1.1,13.55,换手3.76%；低于/贴近年内均价；接近年内低点；年内分位14%
78,605088,冠盛股份,汽车零部件,19.48,-1.67,盈利阶段,2025年营业收入44.49亿元，同比增长10.67%；归母净利润2.95亿元，上年为2.98亿元（同比-0.93%）,2025,44.49亿元,10.67,2.95亿元,2.98亿元,-0.93,2024,40.20亿元,传动轴总成(37.9%)；轮毂轴承单元(16.1%)；其他主营业务(13.2%)；转角模块(12.2%)；等速万向节(11.7%),温州市冠盛汽车零部件集团股份有限公司,"温州市冠盛汽车零部件集团股份有限公司(股票代码:605088)始于1985年,专注汽车传动系统零部件领域,主要产品包括等速万向节、传动轴总成、轮毂单元、橡胶件、转向和悬挂件,已实现对全球主流车型实现基本覆盖。作为中国少数支持一站式采购需求的汽车传动系统零部件生产厂商,为国内外汽车售后市场提供优质适配的传动系统零部件产品和相关服务,并已具备传动轴总成整体解决方",2.03,39.49,39.19,14289,-2396,-14.36,2026-03-31,50.47,较集中,1.7,1,4293975,10852909,0.4,7573442,4824485,1.57,19.17,43.96,35.16,0.55,1.02,1.25,10日量能放大1.57倍；低于/贴近年内均价；接近年内低点；年内分位1%
79,600513,联环药业,化学制药,16.76,9.97,转亏阶段,2025年营业收入27.12亿元，同比增长25.52%；归母净利润-9833.24万元，上年为8416.00万元（同比-216.84%）,2025,27.12亿元,25.52,-9833.24万元,8416.00万元,-216.84,2024,21.60亿元,片剂(42.0%)；医疗器械(22.7%)；其他(18.8%)；原料药(8.6%)；针剂(7.5%),,"江苏联环药业股份有限公司诞生于1999年12月,由成立于1958年的扬州制药厂发起创建,是一家集研发、生产、销售为一体的国家高新技术企业。2003年3月成功登陆沪市主板,现有3家高新技术企业、2家省级“专精特新”企业,荣获“中国化药工业百强企业”、“国家知识产权示范企业”、“江苏省优秀企业”、“全国两化融合贯标企业”等称号。2023年,公司成功入选创建世界一",2.85,47.84,47.84,49398,1963,4.14,2026-03-31,45.25,较分散,10.85,1.59,24515669,33043255,0.74,28779462,24369226,1.18,13.67,32.27,20.11,0.83,1.23,16.61,换手10.85%；低于/贴近年内均价；接近年内低点；年内分位17%
80,603700,宁水集团,通用设备,11.12,-0.18,盈利阶段,2025年营业收入17.43亿元，同比增长16.18%；归母净利润9334.89万元，上年为5241.75万元（同比78.09%）,2025,17.43亿元,16.18,9334.89万元,5241.75万元,78.09,2024,15.01亿元,智能水表(53.6%)；机械水表(36.8%)；水表配件(6.2%)；智慧水务(2.4%)；其他(补充)(0.9%),股份有限公司、水务科技、转型发展为完整具备智慧水务服务能力的综合集团,"宁波水表(集团)股份有限公司(宁水集团,603700.SH)成立于1958年,为集合水计量产品、水务工业物联网技术应用研发与制造的综合性企业。公司坚持“一业为主,做精做强”的经营方针,深耕智慧供水领域,从事一系列智能水表为核心产品的各类智慧水务终端设备、智慧水务大数据服务系统与平台的研发、生产与销售,并逐步向针对城市地下供水管网运行优化的各类软硬件及工程类整",2,22.24,22.24,13525,153,1.14,2026-03-31,47.73,较集中,1.21,0.7,4361280,8469815,0.51,6415547,3999325,1.6,10,15,12.68,0.88,1.11,22.4,10日量能放大1.60倍；低于/贴近年内均价；接近年内低点；年内分位22%
81,603273,天元智能,工程机械,13.28,0.45,盈利阶段,2025年营业收入5.08亿元，同比增长-21.23%；归母净利润2544.04万元，上年为3880.25万元（同比-34.44%）,2025,5.08亿元,-21.23,2544.04万元,3880.25万元,-34.44,2024,6.44亿元,蒸压加气混凝土装备(48.8%)；机械装备配套产品(46.9%)；其他(补充)(4.3%),公司已与信发集团,"江苏天元智能装备股份有限公司是一家集设计研发、生产制造、项目管理、综合运维为一体的建材装备高新技术企业,主营产品为蒸压加气混凝土砌块/板材整线设备、装备配套产品。公司旨在为客户提供满意的墙材产品整体解决方案。公司成立于1989年,主要生产基地坐落于常州市高新技术开发区。天元智能在吸收、借鉴国外先进技术的基础上,是行业内率先实现蒸压加气混凝土切割设备国产化的民",2.14,28.46,7.44,15670,-1107,-6.6,2026-03-31,79.15,较集中,3.56,1.44,1743866,2804466,0.62,2274166,3991359,0.57,12.12,23.98,18.27,0.73,1.1,9.78,换手3.56%；低于/贴近年内均价；接近年内低点；年内分位10%
82,603285,键邦股份,化学制品,27.46,-9.34,盈利阶段,2025年营业收入6.19亿元，同比增长-8.01%；归母净利润1.36亿元，上年为1.58亿元（同比-13.84%）,2025,6.19亿元,-8.01,1.36亿元,1.58亿元,-13.84,2024,6.73亿元,功能助剂(64.2%)；PVC热稳定剂(33.5%)；其他(补充)(2.3%),公司积累了艾伦塔斯集团、埃塞克斯集团等漆包线及绝缘漆行业的国际集团、公司主要向百尔罗赫集团、雷根斯集团、开米森集团,"山东键邦新材料股份有限公司,是全球热稳定新材料和助剂产品的行业领军企业,也是享誉海内外的高尖端精细化工行业制造商。 公司位于中国化工园区20强——济宁新材料产业园区内,交通便利,市场潜力巨大。 公司从事赛克和钛酸酯系列产品的研究开发与生产销售。主要产品有赛克、钛酸酯系列等,产能均居行业前列。赛克可用于多种有机化学品的中间体,是绝缘漆、PVC钙锌热稳定剂的主要",1.6,43.94,17.11,9296,-4517,-32.7,2026-03-31,71.66,非常集中,7.36,1.41,4082750,5910376,0.69,4996563,7270643,0.69,23.34,56.47,32.58,0.84,1.18,12.44,换手7.36%；低于/贴近年内均价；接近年内低点；年内分位12%
83,605287,德才股份,装修装饰Ⅱ,31.69,-5.01,扭亏阶段,2025年营业收入35.07亿元，同比增长-15.16%；归母净利润6994.41万元，上年为-2.87亿元（同比124.39%）,2025,35.07亿元,-15.16,6994.41万元,-2.87亿元,124.39,2024,41.34亿元,装饰装修业务(54.9%)；建筑工程业务(32.7%)；市政工程业务(8.1%)；设计业务(2.5%)；其他(补充)(1.9%),德才装饰股份有限公司,"德才装饰股份有限公司成立于1999年,现已形成德才装饰、中建联合、中房设计、德才高科、德才幕墙五大核心业务板块,构建起覆盖规划设计、工程建设、装饰装修、新材料研发生产于一体的全产业链布局。2021年7月,德才股份在上交所挂牌上市(股票代码:605287),成为山东省首家国内A股主板上市的建筑业企业。在扎根青岛的同时,公司积极布局全国、国际市场,现已建成青岛中",1.4,44.37,44.37,11265,3605,47.06,2026-03-31,55.31,非常集中,3.59,1.93,3280077,4154165,0.79,3717121,4333908,0.86,15.19,67.94,34.6,0.92,2.09,31.28,换手3.59%；低于/贴近年内均价；年内分位31%
84,603163,圣晖集成,专业工程,69.95,-10,盈利阶段,2025年营业收入29.89亿元，同比增长48.85%；归母净利润1.55亿元，上年为1.14亿元（同比35.09%）,2025,29.89亿元,48.85,1.55亿元,1.14亿元,35.09,2024,20.08亿元,洁净室工程(65.4%)；其他机电安装工程(32.4%)；设备销售(2.1%)；其他(补充)(0.1%),圣晖系统集成集团股份有限公司、富士康科技集团、矽品科技、歌尔股份、以服务高科技、成长为提供高科技,"圣晖系统集成集团股份有限公司成立于2003年,是国内洁净室行业中领先的为先进制造业提供洁净室系统集成工程整体解决方案的一站式专业服务商。业务涵盖洁净室厂房建造规划、设计建议、设备配置、工程施工、工程管理及维护服务等相关服务。 圣晖集成自成立以来一直专注于先进制造业的洁净室系统集成整合工程,结合客户产业特性,量身规划并实施符合客户个性化需求的作业系统与生产环境",1,69.95,69.95,20285,3305,19.46,2026-03-31,79.01,较集中,3.52,1.87,2378168,4529178,0.53,3453673,4004243,0.86,29,157,79.16,0.88,2.41,31.99,换手3.52%；低于/贴近年内均价；年内分位32%
85,001210,金房能源,电力,16.95,-3.58,盈利阶段,2025年营业收入11.99亿元，同比增长11.81%；归母净利润1.34亿元，上年为4868.99万元（同比176.06%）,2025,11.99亿元,11.81,1.34亿元,4868.99万元,176.06,2024,10.72亿元,传统能源-供热运营(84.3%)；蓄冷储能业务(7.0%)；新能源-供热运营(6.0%)；节能改造服务及合同能源管理服务(2.2%)；产品销售(0.3%),进一步彰显了公司战略的前瞻性与科技,"金房能源集团股份有限公司成立于1992年,深主板上市公司(股票名称:金房能源,代码:001210),原隶属于北京市住建委房地产科研所的企业,“中关村高新技术企业”、“国家级高新技术企业”,国家发改委备案的第一批节能服务公司,获得“北京市能效领跑者”。公司专注于供热投资运营、节能改造和节能产品研发、生产与销售。出身于科研人员的管理团队经过30年实践,在供热领域",2.2,37.21,22.61,11089,1879,20.4,2026-03-31,63.76,非常集中,3.18,1.25,4278533,8038979,0.53,6158756,5540494,1.11,14.22,37.95,19.96,0.85,1.19,11.5,换手3.18%；低于/贴近年内均价；接近年内低点；年内分位12%
86,603293,埃泰克,汽车零部件,35.7,0.96,盈利阶段,2025年营业收入36.09亿元，同比增长4.12%；归母净利润2.48亿元，上年为2.12亿元（同比17.14%）,2025,36.09亿元,4.12,2.48亿元,2.12亿元,17.14,2024,34.67亿元,汽车电子产品(91.4%)；汽车电子EMS(4.8%)；技术开发收入(2.6%)；其他(补充)(1.2%),上汽集团、北汽集团,"芜湖埃泰克汽车电子股份有限公司是一家于2002年组建的高科技汽车电子企业。芜湖埃泰克汽车电子股份有限公司主要从事设计、开发、制造和销售各类智能网联汽车电子产品,目前埃泰克的主营业务产品以新一代EE电子电气架构和SOA理念为核心,开发车身域、动力域、底盘域、域融合、智能驾驶域、智能网联等产品,致力于建设完整的智能驾驶、自动驾驶的汽车电子生态链。",1.79,63.94,12.53,65861,65811,131622,2026-04-16,50.43,非常分散,5.55,1.77,1389423,1840587,0.75,1615005,1980166,0.82,33.33,85.2,45.11,0.79,1.07,4.57,换手5.55%；低于/贴近年内均价；接近年内低点；年内分位5%
87,603201,常润股份,汽车零部件,15.23,0.2,盈利阶段,2025年营业收入30.53亿元，同比增长1.36%；归母净利润2.16亿元，上年为2.45亿元（同比-12.05%）,2025,30.53亿元,1.36,2.16亿元,2.45亿元,-12.05,2024,30.12亿元,商用千斤顶及工具(40.1%)；汽车配套零部件(38.3%)；外购辅助产品(12.0%)；专业汽保维修设备(8.6%)；其他(补充)(1.0%),常熟通润汽车零部件股份有限公司,"常熟通润汽车零部件股份有限公司主要从事各类千斤顶及其延伸产品的研发、制造和销售。自成立以来,公司始终专注于千斤顶类产品,产品覆盖全球六大洲,销往全球100多个国家和地区。公司主要产品包括商用千斤顶、随车配套千斤顶以及专业千斤顶、举升机等汽车维修保养设备和工具,在整车配套市场和汽车后市场的起重类设备中拥有全品类供应能力。公司旗下拥有“BIGRED”、“BLAC",1.9,28.93,28.69,9106,-994,-9.84,2026-03-31,74.95,非常集中,3.39,1.87,4297316,8383083,0.51,6340200,7118140,0.89,13.13,21.49,17.17,0.89,1.16,25.12,换手3.39%；低于/贴近年内均价；接近年内低点；年内分位25%
88,002796,世嘉科技,通信设备,23.63,-7.33,转亏阶段,2025年营业收入9.45亿元，同比增长-1.55%；归母净利润-5654.80万元，上年为9212.33万元（同比-161.38%）,2025,9.45亿元,-1.55,-5654.80万元,9212.33万元,-161.38,2024,9.60亿元,射频器件(32.0%)；专用设备箱体系统(24.1%)；电梯轿厢系统(22.3%)；天线(15.8%)；精密金属结构件及其他产品(3.3%),,"苏州市世嘉科技股份有限公司,是高新技术企业、江苏省企业技术中心及江苏省工程技术研究中心。公司于2016年5月10日在深圳证券交易所成功上市。公司专注于精密金属制造领域,借助智能化、自动化技术,通过内生式发展与外延式并购,构建了涵盖钣金、压铸、机加工、表面处理等金属加工制造全工序的完整产业链。目前,公司主营业务涵盖三大板块:一是精密箱体系统业务,二是移动通信设",2.52,59.63,53.81,27892,5550,24.84,2026-03-31,47.3,较分散,4.1,1.51,7746983,11997622,0.65,9872303,10244902,0.96,11.3,67.88,33.07,0.71,2.09,21.79,换手4.10%；低于/贴近年内均价；年内分位22%
89,002972,科安达,轨交设备Ⅱ,11.57,-7.88,盈利阶段,2025年营业收入3.79亿元，同比增长18.78%；归母净利润8743.47万元，上年为8808.51万元（同比-0.74%）,2025,3.79亿元,18.78,8743.47万元,8808.51万元,-0.74,2024,3.19亿元,系统集成(65.2%)；防雷及智能诊断(30.6%)；道岔融雪(4.1%)；其他(补充)(0.1%),,"深圳科安达电子科技股份有限公司,成立于1998年,国家高新技术企业,第一批国家级专精特新“小巨人”企业、工信部制造业单项冠军示范企业。深圳证券交易所主板上市公司,证券代码:002972,公司积极拥抱新质生产力的发展浪潮,致力于高端装备与智能制造领域的深耕细作。公司主要围绕轨道交通领域提供产品、服务和系统解决方案。目前公司的产品主要有轨道交通信号计轴系统、道岔",2.46,28.46,15.58,15822,1747,12.41,2026-03-31,61.12,较集中,7.75,1.91,6856176,12171964,0.56,9514070,9289023,1.02,10.55,19.97,13.02,0.89,1.1,10.83,换手7.75%；低于/贴近年内均价；接近年内低点；年内分位11%
90,605178,时空科技,专业工程,53.92,-9.98,减亏阶段,2025年营业收入3.47亿元，同比增长1.85%；归母净利润-2.44亿元，上年为-2.62亿元（同比6.72%）,2025,3.47亿元,1.85,-2.44亿元,-2.62亿元,6.72,2024,3.41亿元,夜间经济(65.3%)；智慧城市(34.7%),,"北京新时空科技股份有限公司创立于2004年,于2020年8月在上海证券交易所首次公开发行上市,股票代码605178。公司成立以来积极把握国家推动新型城镇化高质量发展的时代机遇,始终秉承“重新定义公共空间价值”的使命,践行“夜间经济”和“数智运营”双轨并行战略,深度布局景观照明、文旅夜游、智慧停车、智慧路灯等业务。依托双轨战略,公司不懈追求“科技+文化+模式”",0.99,53.42,53.42,9993,-5651,-36.12,2026-03-31,51.75,非常集中,4.36,1.33,4084876,4904868,0.83,4494872,7292023,0.62,18.83,123.45,57.42,0.94,2.86,33.54,换手4.36%；低于/贴近年内均价；年内分位34%
91,002885,京泉华,其他电子Ⅱ,22.52,-7.63,盈利阶段,2025年营业收入33.47亿元，同比增长11.14%；归母净利润8421.19万元，上年为3821.88万元（同比120.34%）,2025,33.47亿元,11.14,8421.19万元,3821.88万元,120.34,2024,30.12亿元,磁性元器件(41.5%)；特种变压器(38.4%)；电源(19.3%)；其他(补充)(0.8%),,"深圳市京泉华科技股份有限公司(股票代码:002885)前身京泉华电子成立于1996年6月,坐落于中国经济改革开放的前沿、粤港澳大湾区、中国特色社会主义先行示范区——深圳,是一家集磁性器件、电源类产品的研发、生产、销售、服务于一体的国家高新技术企业和中国电子元件百强企业。公司依托模型化设计平台以磁性元器件生产为基础,以电源产品和车载磁性器件同步开发为特色,形成",2.71,61.01,53.43,46771,-4164,-8.18,2026-03-31,44.96,较分散,5.95,1.31,13503556,17338145,0.78,15420851,21427230,0.72,14.04,55.8,27.49,0.82,1.6,20.31,换手5.95%；低于/贴近年内均价；年内分位20%
92,001233,海安集团,汽车零部件,44.06,1.66,盈利阶段,2025年营业收入22.32亿元，同比增长-2.94%；归母净利润5.60亿元，上年为6.79亿元（同比-17.59%）,2025,22.32亿元,-2.94,5.60亿元,6.79亿元,-17.59,2024,23.00亿元,全钢巨胎销售(69.3%)；矿用轮胎运营管理(26.6%)；其他(补充)(4.2%),海安橡胶集团股份、福建省海安橡胶有限公司、福建省海旷工程建设有限公司、中国石油和化学工业联合会科技、江铜集团,"海安橡胶集团股份公司(前身:福建省海安橡胶有限公司)成立于2005年12月,是一家集研发、制造、销售及矿用轮胎运营管理服务于一体的巨型全钢工程机械子午线轮胎生产企业,总部位于福建省莆田市,在国内外设有十几家分、子公司。其中,福建省海旷工程建设有限公司专注于矿山机械卡车专业维修与土石方工程,部分子公司承接矿山单位轮胎费用定额一条龙承包运营管理或巨胎销售业务,为",1.86,81.94,16.62,18757,-14560,-43.7,2026-03-31,61,较集中,3.83,1.5,1210966,2268690,0.53,1739828,2241323,0.78,39.65,100,62.07,0.71,1.11,7.31,换手3.83%；低于/贴近年内均价；接近年内低点；年内分位7%
93,603178,圣龙股份,汽车零部件,16.67,0.24,转亏阶段,2025年营业收入16.75亿元，同比增长3.44%；归母净利润-2.11亿元，上年为2975.22万元（同比-810.56%）,2025,16.75亿元,3.44,-2.11亿元,2975.22万元,-810.56,2024,16.19亿元,发动机油泵(52.1%)；变速箱油泵(19.5%)；变速器零件(15.3%)；凸轮轴(8.1%)；分动箱油泵(3.1%),宁波圣龙汽车动力系统股份有限公司,"宁波圣龙汽车动力系统股份有限公司(603178)是国际知名的汽车动力系统解决方案提供商,为国内外各类车企配套的产品包括泵系列零部件、凸轮轴系列零部件,自动变速器核心零部件,新能源汽车零部件等,主要应用于传统及新能源汽车的动力传动系统、润滑系统、热管理系统及刹车系统等模块。公司拥有经验丰富的国际化技术团队,建立了国际化的技术开发平台和技术人才队伍。公司技术中心",2.36,39.41,39.41,27236,-2626,-8.79,2026-03-31,62.7,较分散,8.86,2.37,11132794,19378618,0.57,15255706,17629548,0.87,13.68,24.59,18.23,0.91,1.22,27.41,换手8.86%；低于/贴近年内均价；接近年内低点；年内分位27%
94,603211,晋拓股份,汽车零部件,20.21,-10.02,盈利阶段,2025年营业收入12.83亿元，同比增长9.17%；归母净利润6882.68万元，上年为5007.13万元（同比37.46%）,2025,12.83亿元,9.17,6882.68万元,5007.13万元,37.46,2024,11.76亿元,汽车类零部件(81.5%)；工业类零部件(13.8%)；其他(补充)(2.3%)；模具(2.3%),法雷奥、哈金森、迪恩、法雷奥等、终端客户覆盖了大众、奔驰、宝马、通用、福特等国际知名品牌汽车企业和比亚迪、理想、蔚来、吉利、长安、上汽、长城等国内知名汽车企业,"晋拓科技股份有限公司主要从事铝合金精密压铸件的研发、生产和销售。依托在压铸、模具设计、机加工领域的先进技术和制造工艺,公司形成了以汽车零部件为主,同时还有智能家居零部件、工业自动化及机器人零部件、信息传输设备零部件的多元化产品结构。 公司深耕汽车零部件领域多年,持续服务于威巴克(Vibracoustic)、哈金森(Hutchinson)、帝倜阿尔(DTR)、",2.72,54.93,54.93,16081,-5272,-24.69,2026-03-31,74.19,较集中,3.64,1.76,7071762,13862563,0.51,10467162,14693007,0.71,16.56,42.29,23.31,0.87,1.22,14.19,换手3.64%；低于/贴近年内均价；接近年内低点；年内分位14%
95,603598,引力传媒,广告营销,15.62,-0.83,扭亏阶段,2025年营业收入82.83亿元，同比增长31.71%；归母净利润1712.49万元，上年为-1810.51万元（同比194.59%）,2025,82.83亿元,31.71,1712.49万元,-1810.51万元,194.59,2024,62.89亿元,数字营销(99.4%)；品牌营销(传统媒体)(0.5%)；专项广告服务(0.1%)；其他(补充)(0.0%),以技术为驱动的整合营销传播集团、美的集团、雅迪集团,"引力传媒股份有限公司是一家以数字营销及娱乐营销为鲜明特征,以数据为基础、以内容为导向、以技术为驱动的整合营销传播集团。公司以市场洞察与品牌咨询为引领,为客户提供市场研究、媒体与消费者洞察、传播策略、多屏媒介代理、娱乐内容定制与发行、娱乐内容360度整合营销传播、社会化媒体传播等服务的综合性传播服务,营销上以直接客户为主。经过多年的发展,公司积累了一批优质头部",2.7,42.13,42.08,51733,5057,10.83,2026-03-31,53.88,较分散,4.45,1.82,8290020,11653546,0.71,9971783,15887919,0.63,14.07,34.48,19.69,0.79,1.11,7.59,换手4.45%；低于/贴近年内均价；接近年内低点；年内分位8%
96,600593,大连圣亚,旅游及景区,37.18,-0.83,扭亏阶段,2025年营业收入5.07亿元，同比增长0.29%；归母净利润2725.72万元，上年为-7018.22万元（同比138.84%）,2025,5.07亿元,0.29,2725.72万元,-7018.22万元,138.84,2024,5.05亿元,景区经营(84.0%)；商业运营(11.4%)；酒店运营(2.9%)；动物经营(1.6%)；其他(0.0%),,"大连圣亚旅游控股股份有限公司,成立于1994年,是东北唯一的文旅A股上市公司。由公司倾力打造的“大连圣亚海洋世界”项目,是国家AAAA级旅游景区、国家级文化产业示范基地,也是国内第一座海底通道式水族馆、首座情景式海洋主题乐园。作为大连市重点旅游企业,大连圣亚始终以高度使命感和责任感,积极践行领军企业责任担当,以国家关于文旅工作的一系列重要指示精神为指导,紧跟",1.3,48.5,47.89,24883,-6043,-19.54,2026-03-31,60.79,较集中,3.18,1.45,3540860,5834345,0.61,4687603,5758677,0.81,30.24,66.55,39.15,0.95,1.23,19.11,换手3.18%；低于/贴近年内均价；接近年内低点；年内分位19%
97,002910,庄园牧场,饮料乳品,8.19,-3.87,减亏阶段,2025年营业收入9.21亿元，同比增长3.44%；归母净利润-7438.87万元，上年为-1.66亿元（同比55.24%）,2025,9.21亿元,3.44,-7438.87万元,-1.66亿元,55.24,2024,8.90亿元,液体乳及乳制品制造业(92.6%)；其他(3.8%)；畜牧业(3.6%),全资子公司西安东方乳业有限公司、年西宁市科技攻关项目顺利通过西宁市科技,"兰州庄园牧场股份有限公司成立于2000年4月,是集奶牛养殖、技术研发、乳品加工、销售为一体的专业化乳制品生产制造企业。公司于2017年10月31日在深圳证券交易所中小板上市,股票代码002910.SZ,股票简称“庄园牧场”。由此成功登陆资本市场,成为国内乳制品行业知名A股上市公司。公司成立20年来,秉承“奉献精良品质,造就时代品牌”的使命,依靠先进的技术、稳",1.96,16.01,14.01,19721,-9274,-31.98,2026-03-31,54.77,较集中,8.46,1.66,10974742,14524364,0.76,12749553,30779651,0.41,7.51,16.01,10.84,0.76,1.09,8,换手8.46%；低于/贴近年内均价；接近年内低点；年内分位8%
98,600749,西藏旅游,旅游及景区,13.57,0.22,盈利阶段,2025年营业收入1.87亿元，同比增长-12.37%；归母净利润2327.38万元，上年为1668.69万元（同比39.47%）,2025,1.87亿元,-12.37,2327.38万元,1668.69万元,39.47,2024,2.13亿元,旅游景区(72.7%)；旅游服务(15.0%)；旅游文创(9.0%)；其他(补充)(3.0%)；旅游商业(0.3%),,"西藏旅游股份有限公司(以下简称“公司”)成立于1996年,是西藏自治区第一家,也是唯一一家旅游业上市公司。公司主要从事旅游景区运营、旅游服务和旅游商业运营业务,是区内拥有多家A级景区的行业领军企业。公司下辖西藏林芝、阿里5大核心景区资源,自然景观、历史文化内涵丰富,年游客接待量超过200万人次。公司雅鲁藏布大峡谷景区作为世界最大峡谷,与布达拉宫、珠穆朗玛峰并",2.27,30.8,30.8,38588,-1202,-3.02,2026-03-31,51.65,较分散,3.61,1.59,6448279,10451350,0.62,8449815,11968861,0.71,11.87,32.38,17.88,0.76,1.14,8.29,换手3.61%；低于/贴近年内均价；接近年内低点；年内分位8%
99,002903,宇环数控,通用设备,23.12,-8.44,转亏阶段,2025年营业收入4.10亿元，同比增长-13.13%；归母净利润-1962.02万元，上年为1334.76万元（同比-246.99%）,2025,4.10亿元,-13.13,-1962.02万元,1334.76万元,-246.99,2024,4.73亿元,数控研磨抛光机(39.8%)；数控磨床(24.1%)；拉床(15.7%)；配件及其他(12.6%)；智能装备系列(7.7%),是国家重大科技、被列入国家科技、获湖南省战略性新兴产业科技攻关与重大科技、湖南省科技,"宇环数控机床股份有限公司(股票简称:宇环数控,股票代码:002903)是专业从事数控磨削设备及智能装备的研发、生产、销售与服务,为客户提供精密磨削与智能制造技术综合解决方案的装备制造业企业。宇环数控是高新技术企业,是国家重大科技支撑计划项目、国家重点新产品计划项目、国家火炬计划项目、国家产业振兴及技术改造项目、国家发改委中小企业技术改造项目的实施单位,是湖南",1.57,36.23,24.66,21926,-1829,-7.7,2026-03-31,44.4,较集中,22.54,4.2,7199379,13467222,0.53,10333301,9744619,1.06,20.02,54.9,28.28,0.82,1.15,8.89,换手22.54%；低于/贴近年内均价；接近年内低点；年内分位9%
100,002843,泰嘉股份,通用设备,14.48,-8.59,转亏阶段,2025年营业收入15.28亿元，同比增长-11.74%；归母净利润-3725.28万元，上年为5041.93万元（同比-173.89%）,2025,15.28亿元,-11.74,-3725.28万元,5041.93万元,-173.89,2024,17.31亿元,带锯条(44.5%)；消费电子电源(42.9%)；大功率电源(9.3%)；其他(2.9%)；复合材(0.4%),湖南泰嘉新材料科技股份有限公司,"湖南泰嘉新材料科技股份有限公司成立于2003年,总部位于中国长沙望城经济技术开发区。2017年1月20日在深圳证券交易所挂牌上市(股票简称:泰嘉股份,股票代码:002843)。公司以“先进制造”为主轴线,围绕“锯切+电源”双主业发展。",2.52,36.45,36.23,36678,618,1.71,2026-03-31,45.91,较分散,4.53,1.42,10061730,16730059,0.6,13395894,19610016,0.68,14.9,30.58,22.14,0.65,0.97,-2.68,换手4.53%；低于/贴近年内均价；接近年内低点；年内分位-3%
101,002976,瑞玛精密,汽车零部件,18.26,-3.64,扭亏阶段,2025年营业收入21.10亿元，同比增长18.9%；归母净利润789.48万元，上年为-2531.55万元（同比131.19%）,2025,21.10亿元,18.9,789.48万元,-2531.55万元,131.19,2024,17.74亿元,精密金属结构件(56.4%)；汽车电子(34.6%)；通讯设备(5.4%)；其他(补充)(2.4%)；模具(1.2%),拓普集团、大陆集团、敏实集团、江苏省民营科技,"苏州瑞玛精密工业集团股份有限公司,2012年3月在苏州高新区浒关工业园成立;2020年3月,公司在深圳证券交易所正式挂牌上市,股票简称:瑞玛精密,股票代码:002976。公司定位于精密智能制造,是汽车、移动通讯、新能源等领域的专精特新企业,主营业务为前述领域产品的精密模具、精密结构件及汽车空气悬挂系统、移动通讯设备的研发、制造及销售。公司现拥有控股公司10余",1.95,35.54,22.23,13631,-3451,-20.2,2026-03-31,64.23,较集中,4.84,1.77,4185984,8800497,0.48,6493240,13006992,0.5,18.3,38.98,27.35,0.67,1,-0.19,换手4.84%；低于/贴近年内均价；接近年内低点；年内分位-0%
102,002757,南兴股份,专用设备,15.49,-1.53,扭亏阶段,2025年营业收入34.12亿元，同比增长2.4%；归母净利润1.20亿元，上年为-1.75亿元（同比168.52%）,2025,34.12亿元,2.4,1.20亿元,-1.75亿元,168.52,2024,33.32亿元,IDC及云计算相关服务(56.8%)；自动封边机(18.0%)；数控钻、多排钻(9.9%)；裁板锯(6.0%)；加工中心(5.3%),南兴装备股份有限公司,"南兴装备股份有限公司,始创于1996年,2015年在深圳证券交易所上市(股票代码:002757)。公司总部位于广东东莞,在全国设有两个研发中心,四大制造基地。南兴装备是国家高新技术企业和国家级专精特新小巨人企业,拥有强大的技术研发能力和智能制造实力,专注于家居智能制造装备和智能生产线的研发和生产。主要产品包括:数控开料系列产品,智能柔性封边系列产品,数控钻孔",2.95,45.77,43.69,54310,9386,20.89,2026-03-31,42.26,较分散,6.81,2.77,8717347,13443141,0.65,11080244,16818905,0.66,13.85,32.8,20.15,0.77,1.12,8.65,换手6.81%；低于/贴近年内均价；接近年内低点；年内分位9%
103,001205,盛航股份,航运港口,13.44,1.36,盈利阶段,2025年营业收入14.43亿元，同比增长-3.79%；归母净利润1.09亿元，上年为1.37亿元（同比-20.8%）,2025,14.43亿元,-3.79,1.09亿元,1.37亿元,-20.8,2024,15.00亿元,化学品运输(76.6%)；油品运输(23.3%)；其他(补充)(0.1%)；销售商品,中石化、中石油、中化集团、恒力石化、浙江石化、盛虹炼化、埃克森美孚、日本三菱、日本出光、壳牌、沙比克、沙特阿美、道达尔、GS加德士、泰国国家石油公司,"南京盛航海运股份有限公司(以下简称“公司”)为深圳证券交易所主板上市公司(证券简称:盛航股份;证券代码:001205)。公司成立于1994年11月,2014年10月完成企业的股份制改革并于2015年6月成功登陆“新三板”;2017年8月,公司进入A股上市辅导阶段,引进多家国内知名的战略投资机构,公司在资本市场翻开了新篇章;2021年5月13日公司首次公开发行",1.88,25.27,22.38,16376,4221,34.73,2026-03-31,41.66,较集中,3.73,3.3,2364272,3712560,0.64,3038416,4199938,0.72,12.15,18.83,15.72,0.85,1.11,19.31,换手3.73%；低于/贴近年内均价；接近年内低点；年内分位19%
104,603051,鹿山新材,化学制品,17.7,-1.67,转亏阶段,2025年营业收入15.19亿元，同比增长-26.49%；归母净利润-7321.79万元，上年为1693.56万元（同比-532.33%）,2025,15.19亿元,-26.49,-7321.79万元,1693.56万元,-532.33,2024,20.67亿元,功能性聚烯烃热熔胶胶粒(61.7%)；热熔胶胶膜(33.0%)；其他(苯乙烯共聚物热熔胶、铝塑膜用胶粘剂等)(2.8%)；功能性新材料业务(2.0%)；其他(补充)(0.6%),中国石油和化学工业联合会科技、广东省科技,"广州鹿山新材料股份有限公司成立于1998年,是一家专注于绿色环保高性能功能高分子材料研发、生产和销售的高新技术企业,股票代码“603051”。公司拥有广州云埔、广州永和、江苏常州、江苏盐城、马来西亚5大生产基地。公司始终坚持技术与产品的创新,开发出一系列切合市场需求的产品,包括功能性聚烯烃热熔胶材料、太阳能电池封装胶膜、功能性热熔胶膜、热塑性光学透明胶膜等。",1.62,28.61,28.61,24794,-1873,-7.02,2026-03-31,42.86,较集中,3.44,1.5,4652819,7813724,0.6,6233271,10289194,0.61,17.02,29.97,22.61,0.78,1.04,5.25,换手3.44%；低于/贴近年内均价；接近年内低点；年内分位5%
105,600857,宁波中百,一般零售,14.68,-5.23,扭亏阶段,2025年营业收入4.59亿元，同比增长-44.46%；归母净利润3253.60万元，上年为-1605.67万元（同比302.63%）,2025,4.59亿元,-44.46,3253.60万元,-1605.67万元,302.63,2024,8.27亿元,,宁波首创科技股份有限公司、哈工大首创科技股份有限公司、二家参股公司分别为上海派能能源科技股份有限公司,"宁波中百股份有限公司始创于1992年,并于1994年在上海证券交易所挂牌上市,证券代码:600857,主营业务为商业百货的批发和零售。公司曾先后更名为“宁波首创科技股份有限公司”、“哈工大首创科技股份有限公司”,2015年又改为现名。二家分公司分别为源康纺织品商场、第二百货商店;一家全资子公司为宁波二百商贸有限责任公司;二家参股公司分别为上海派能能源科技股份",2.24,32.93,32.93,14829,445,3.09,2026-03-31,47.51,较集中,3.18,1.21,7418660,18934621,0.39,13176640,14643756,0.9,11.01,24.24,14.52,1.01,1.33,27.74,换手3.18%；年内分位28%